pop1,pop2,pop3,pop4,est,se,z,p,n
CoyoteCalifornia,AfghanHound,AndeanFox,FernCave.100bp,0.0218492787491437,0.0005930203910308,36.8440597989639,3.64071583703849e-297,71034
CoyoteCalifornia,AfghanHound,AndeanFox,Castlemaine.99bp,0.0221548048244932,0.000213502725928257,103.768252738552,0,1479506
CoyoteCalifornia,AfghanHound,AndeanFox,Meredith.99bp,0.0229458601864444,0.000211247428565983,108.62077868691,0,1589822
CoyoteCalifornia,AfricanHuntingDogKenya,AndeanFox,FernCave.100bp,-0.076284383865798,0.00107707036474253,-70.8258126515562,0,64856
CoyoteCalifornia,AfricanHuntingDogKenya,AndeanFox,Castlemaine.99bp,-0.0730966767944558,0.000312419647831257,-233.969525610427,0,1318155
CoyoteCalifornia,AfricanHuntingDogKenya,AndeanFox,Meredith.99bp,-0.0746741942762851,0.000297423605061731,-251.070167281397,0,1444726
CoyoteCalifornia,AiredaleTerrier,AndeanFox,FernCave.100bp,0.0246932816067002,0.00061328960154686,40.2636561005078,0,71401
CoyoteCalifornia,AiredaleTerrier,AndeanFox,Castlemaine.99bp,0.0244396453245271,0.000217182201092893,112.530608869158,0,1491072
CoyoteCalifornia,AiredaleTerrier,AndeanFox,Meredith.99bp,0.0251304682025205,0.00021145147832612,118.847446238999,0,1595855
CoyoteCalifornia,AlaskanHusky,AndeanFox,FernCave.100bp,0.0210784451206688,0.000582736344572888,36.1714955948356,1.70909538374405e-286,71311
CoyoteCalifornia,AlaskanHusky,AndeanFox,Castlemaine.99bp,0.0210458027111003,0.000210561252157918,99.9509762380982,0,1488842
CoyoteCalifornia,AlaskanHusky,AndeanFox,Meredith.99bp,0.0217358812635975,0.000208727003735317,104.135453844584,0,1594052
CoyoteCalifornia,AlaskanMalamute,AndeanFox,FernCave.100bp,0.0212344122180187,0.00058724435732443,36.1594146511101,2.64642740395791e-286,71370
CoyoteCalifornia,AlaskanMalamute,AndeanFox,Castlemaine.99bp,0.0212683936319442,0.000207746250988893,102.376786732393,0,1490167
CoyoteCalifornia,AlaskanMalamute,AndeanFox,Meredith.99bp,0.0218726765624471,0.000207371794256729,105.47565854288,0,1595158
CoyoteCalifornia,AmericanHairlessTerrier,AndeanFox,FernCave.100bp,0.0245047694082554,0.000635607084175888,38.5533295935927,0,71078
CoyoteCalifornia,AmericanHairlessTerrier,AndeanFox,Castlemaine.99bp,0.0242037532352855,0.000224304705920158,107.905686311819,0,1480163
CoyoteCalifornia,AmericanHairlessTerrier,AndeanFox,Meredith.99bp,0.0251038569689003,0.000218970292613005,114.645035494689,0,1588242
CoyoteCalifornia,AustralianCattleDog,AndeanFox,FernCave.100bp,0.0247270189394471,0.000593890308418064,41.635666703018,0,71403
CoyoteCalifornia,AustralianCattleDog,AndeanFox,Castlemaine.99bp,0.0241880214241467,0.000210032312987383,115.163334060887,0,1491588
CoyoteCalifornia,AustralianCattleDog,AndeanFox,Meredith.99bp,0.0249834239663864,0.000204447585032356,122.199653091684,0,1596180
CoyoteCalifornia,AustralianTerrier,AndeanFox,FernCave.100bp,0.0241206419948135,0.000644714141368341,37.4129252750992,2.40855959317588e-306,70904
CoyoteCalifornia,AustralianTerrier,AndeanFox,Castlemaine.99bp,0.0242797387504528,0.000223254776768371,108.753501725266,0,1471237
CoyoteCalifornia,AustralianTerrier,AndeanFox,Meredith.99bp,0.0252577664491418,0.000220394541277571,114.602504684231,0,1584186
CoyoteCalifornia,AustraliaVillage,AndeanFox,FernCave.100bp,0.0228930393355537,0.000627802669337863,36.4653424613482,3.93046358843998e-291,71157
CoyoteCalifornia,AustraliaVillage,AndeanFox,Castlemaine.99bp,0.0224489630960817,0.000222494761661025,100.896591580359,0,1484612
CoyoteCalifornia,AustraliaVillage,AndeanFox,Meredith.99bp,0.0232781382015691,0.000216443596537388,107.548287747788,0,1590720
CoyoteCalifornia,Basenji,AndeanFox,FernCave.100bp,0.0196717253105017,0.000611581961606051,32.1653131476321,5.39507741582709e-227,71363
CoyoteCalifornia,Basenji,AndeanFox,Castlemaine.99bp,0.0203649488522468,0.000225980558078781,90.1181456731657,0,1489606
CoyoteCalifornia,Basenji,AndeanFox,Meredith.99bp,0.0210511427410484,0.000223643330223629,94.1281938522316,0,1594762
CoyoteCalifornia,BavarianHound,AndeanFox,FernCave.100bp,0.0245385404805088,0.000632092937070913,38.8210958252741,0,71133
CoyoteCalifornia,BavarianHound,AndeanFox,Castlemaine.99bp,0.0241182227547531,0.000217105321071081,111.089966085432,0,1480561
CoyoteCalifornia,BavarianHound,AndeanFox,Meredith.99bp,0.0249301135108845,0.000218273881816498,114.214826361329,0,1589363
CoyoteCalifornia,Beagle,AndeanFox,FernCave.100bp,0.0243088130277105,0.000598088493673462,40.6441743736043,0,71417
CoyoteCalifornia,Beagle,AndeanFox,Castlemaine.99bp,0.0242654075169085,0.000207533944967419,116.92259558174,0,1491615
CoyoteCalifornia,Beagle,AndeanFox,Meredith.99bp,0.0250686146266775,0.000205319916263037,122.095386959743,0,1596234
CoyoteCalifornia,BeardedCollie,AndeanFox,FernCave.100bp,0.0247500374300526,0.000611547655077331,40.4711508981634,0,71244
CoyoteCalifornia,BeardedCollie,AndeanFox,Castlemaine.99bp,0.0242035004203581,0.000213037536074081,113.611436117725,0,1486431
CoyoteCalifornia,BeardedCollie,AndeanFox,Meredith.99bp,0.0248788611884596,0.000207169734214023,120.089265369032,0,1593076
CoyoteCalifornia,BelgianMalinois,AndeanFox,FernCave.100bp,0.0241513804289485,0.000583237679468705,41.4091566425354,0,71415
CoyoteCalifornia,BelgianMalinois,AndeanFox,Castlemaine.99bp,0.0242535998071046,0.00020908652698633,115.997908409901,0,1491654
CoyoteCalifornia,BelgianMalinois,AndeanFox,Meredith.99bp,0.0249794007572754,0.000203305187544662,122.866519339493,0,1596337
CoyoteCalifornia,BelgianSheepdog,AndeanFox,FernCave.100bp,0.0246210793864383,0.000613236130770969,40.149427196151,0,71343
CoyoteCalifornia,BelgianSheepdog,AndeanFox,Castlemaine.99bp,0.0242078917934293,0.000211440805491332,114.490160672519,0,1489201
CoyoteCalifornia,BelgianSheepdog,AndeanFox,Meredith.99bp,0.0250550534764891,0.000211195700504795,118.634297083715,0,1594813
CoyoteCalifornia,BelgianTervuren,AndeanFox,FernCave.100bp,0.0245597202379284,0.000602066261482071,40.7923874981322,0,71394
CoyoteCalifornia,BelgianTervuren,AndeanFox,Castlemaine.99bp,0.0243799555930569,0.000210244285220964,115.96013450465,0,1490908
CoyoteCalifornia,BelgianTervuren,AndeanFox,Meredith.99bp,0.0250373275246942,0.00021118899003364,118.554132583834,0,1595784
CoyoteCalifornia,BergerBlancSuisse,AndeanFox,FernCave.100bp,0.0244392223883785,0.000642876250105608,38.0154382501512,0,70215
CoyoteCalifornia,BergerBlancSuisse,AndeanFox,Castlemaine.99bp,0.0240920558002637,0.000220746972870642,109.13878223092,0,1462287
CoyoteCalifornia,BergerBlancSuisse,AndeanFox,Meredith.99bp,0.0246492090531121,0.00021792004440722,113.111251973917,0,1574442
CoyoteCalifornia,BergerPicard,AndeanFox,FernCave.100bp,0.0239346988795518,0.000632046313003846,37.8685839741719,0,71400
CoyoteCalifornia,BergerPicard,AndeanFox,Castlemaine.99bp,0.0242531934568707,0.000219871532769836,110.306200858931,0,1490887
CoyoteCalifornia,BergerPicard,AndeanFox,Meredith.99bp,0.0250584023319572,0.000218804741408926,114.52403714198,0,1595684
CoyoteCalifornia,BerneseMountainDog,AndeanFox,FernCave.100bp,0.0250274998598734,0.000613250161720692,40.8112405378741,0,71364
CoyoteCalifornia,BerneseMountainDog,AndeanFox,Castlemaine.99bp,0.0244838251756484,0.000211709541183136,115.648189679222,0,1489434
CoyoteCalifornia,BerneseMountainDog,AndeanFox,Meredith.99bp,0.0251418195119402,0.000208378819468321,120.654390768167,0,1594750
CoyoteCalifornia,BlackRussianTerrier,AndeanFox,FernCave.100bp,0.0243988286309624,0.000630855924800888,38.6757541171754,0,71028
CoyoteCalifornia,BlackRussianTerrier,AndeanFox,Castlemaine.99bp,0.0242730409900429,0.000220696842921355,109.983634875523,0,1481067
CoyoteCalifornia,BlackRussianTerrier,AndeanFox,Meredith.99bp,0.025006671340801,0.00022238564534753,112.447326812493,0,1588886
CoyoteCalifornia,Bloodhound,AndeanFox,FernCave.100bp,0.0245104354547794,0.000647554686462381,37.8507575764464,0,69858
CoyoteCalifornia,Bloodhound,AndeanFox,Castlemaine.99bp,0.0244323092284304,0.000225648673573827,108.275882332792,0,1445197
CoyoteCalifornia,Bloodhound,AndeanFox,Meredith.99bp,0.0252008907268968,0.0002231809259659,112.916866071016,0,1571750
CoyoteCalifornia,BorderCollie,AndeanFox,FernCave.100bp,0.0248866415562834,0.000595048383219848,41.822887445925,0,71418
CoyoteCalifornia,BorderCollie,AndeanFox,Castlemaine.99bp,0.0242094532643,0.000207947870770115,116.420779759094,0,1491647
CoyoteCalifornia,BorderCollie,AndeanFox,Meredith.99bp,0.0247829870627505,0.000203889707582003,121.550947110869,0,1596295
CoyoteCalifornia,BorderTerrier,AndeanFox,FernCave.100bp,0.0249002600592019,0.000612600567704332,40.6468119226749,0,71394
CoyoteCalifornia,BorderTerrier,AndeanFox,Castlemaine.99bp,0.0243697268119447,0.000214886504041267,113.407433010612,0,1491073
CoyoteCalifornia,BorderTerrier,AndeanFox,Meredith.99bp,0.0253008361657402,0.000217399751408007,116.379324271887,0,1595816
CoyoteCalifornia,Borzoi,AndeanFox,FernCave.100bp,0.0240411065186419,0.000634253815589245,37.9045516601376,0,70889
CoyoteCalifornia,Borzoi,AndeanFox,Castlemaine.99bp,0.024053692523197,0.000223834565484047,107.461921581148,0,1473464
CoyoteCalifornia,Borzoi,AndeanFox,Meredith.99bp,0.0245341272118905,0.000217410395441589,112.847075053879,0,1585465
CoyoteCalifornia,BostonTerrier,AndeanFox,FernCave.100bp,0.0246031858107154,0.000641307344965293,38.3641104438728,0,70814
CoyoteCalifornia,BostonTerrier,AndeanFox,Castlemaine.99bp,0.0247487337375505,0.000226751474121265,109.14475345071,0,1472641
CoyoteCalifornia,BostonTerrier,AndeanFox,Meredith.99bp,0.0253986756554685,0.000220570606101883,115.149865634121,0,1584935
CoyoteCalifornia,BouvierDesFlandres,AndeanFox,FernCave.100bp,0.0245753730367712,0.000591292058936844,41.5621564087268,0,71396
CoyoteCalifornia,BouvierDesFlandres,AndeanFox,Castlemaine.99bp,0.0245019446369366,0.000215280046775392,113.814285178506,0,1490681
CoyoteCalifornia,BouvierDesFlandres,AndeanFox,Meredith.99bp,0.0251447798913208,0.000212965477540697,118.069746240987,0,1595583
CoyoteCalifornia,Boxer,AndeanFox,FernCave.100bp,0.0248771206595848,0.000683344182926705,36.4049644105232,3.5527092582036e-290,63070
CoyoteCalifornia,Boxer,AndeanFox,Castlemaine.99bp,0.025240258645438,0.000243989069461752,103.448317177154,0,1316706
CoyoteCalifornia,Boxer,AndeanFox,Meredith.99bp,0.0257309533902524,0.000239294886798968,107.528220658844,0,1405972
CoyoteCalifornia,Brittany,AndeanFox,FernCave.100bp,0.0243243945986239,0.000690651017187875,35.2195160700198,1.00522140319038e-271,57689
CoyoteCalifornia,Brittany,AndeanFox,Castlemaine.99bp,0.0240799300790178,0.00022520292622572,106.925475981083,0,1177329
CoyoteCalifornia,Brittany,AndeanFox,Meredith.99bp,0.0252348932081163,0.00022901448154272,110.189072053983,0,1348698
CoyoteCalifornia,Bulldog,AndeanFox,FernCave.100bp,0.0249112325987711,0.00065509007578542,38.0271866718539,0,70972
CoyoteCalifornia,Bulldog,AndeanFox,Castlemaine.99bp,0.0251232772619536,0.000224619958360195,111.847929477694,0,1479186
CoyoteCalifornia,Bulldog,AndeanFox,Meredith.99bp,0.0255377105967565,0.000225892518331921,113.052485249786,0,1587750
CoyoteCalifornia,Bullmastiff,AndeanFox,FernCave.100bp,0.0244343827178011,0.000647072670398752,37.761419753277,0,70454
CoyoteCalifornia,Bullmastiff,AndeanFox,Castlemaine.99bp,0.0248172947274715,0.000226286879299892,109.6718236791,0,1458086
CoyoteCalifornia,Bullmastiff,AndeanFox,Meredith.99bp,0.0253997629527138,0.000224870872825242,112.952658712955,0,1572682
CoyoteCalifornia,BullTerrier,AndeanFox,FernCave.100bp,0.024956980284479,0.00063105981405495,39.5477254748879,0,71382
CoyoteCalifornia,BullTerrier,AndeanFox,Castlemaine.99bp,0.0250182565311908,0.000221639755069276,112.878019213525,0,1490106
CoyoteCalifornia,BullTerrier,AndeanFox,Meredith.99bp,0.0254058058233763,0.000218353320395216,116.35181813307,0,1595180
CoyoteCalifornia,CairnTerrier,AndeanFox,FernCave.100bp,0.0247359055473953,0.000653494011016245,37.8517708355561,0,70808
CoyoteCalifornia,CairnTerrier,AndeanFox,Castlemaine.99bp,0.024221892085188,0.000221918962425159,109.147464554124,0,1466731
CoyoteCalifornia,CairnTerrier,AndeanFox,Meredith.99bp,0.0250964072678145,0.000215930462664953,116.224487078302,0,1581053
CoyoteCalifornia,CaneCorso,AndeanFox,FernCave.100bp,0.0245860136069947,0.000638592286102085,38.5003297754592,0,70111
CoyoteCalifornia,CaneCorso,AndeanFox,Castlemaine.99bp,0.0245436328218784,0.000219777926358481,111.674694672682,0,1466144
CoyoteCalifornia,CaneCorso,AndeanFox,Meredith.99bp,0.0253499082651828,0.00021451767980991,118.171650409636,0,1569197
CoyoteCalifornia,CaucasianOvcharka,AndeanFox,FernCave.100bp,0.0236014675714058,0.000737063092429905,32.0209596896215,5.57092580155008e-225,50696
CoyoteCalifornia,CaucasianOvcharka,AndeanFox,Castlemaine.99bp,0.0235190958885225,0.000240796237541941,97.6721900998392,0,1001027
CoyoteCalifornia,CaucasianOvcharka,AndeanFox,Meredith.99bp,0.0239095750800927,0.000236270285566519,101.195861437943,0,1173327
CoyoteCalifornia,CavalierKingCharlesSpaniel,AndeanFox,FernCave.100bp,0.0248324053686381,0.000632401355155044,39.2668440164078,0,71303
CoyoteCalifornia,CavalierKingCharlesSpaniel,AndeanFox,Castlemaine.99bp,0.0242728881293899,0.000218988113764076,110.841121521052,0,1486360
CoyoteCalifornia,CavalierKingCharlesSpaniel,AndeanFox,Meredith.99bp,0.0252915775347364,0.000217804843619584,116.120363139906,0,1593144
CoyoteCalifornia,ChesapeakeBayRetriever,AndeanFox,FernCave.100bp,0.0242375951251023,0.00061182090538106,39.6155066162809,0,71222
CoyoteCalifornia,ChesapeakeBayRetriever,AndeanFox,Castlemaine.99bp,0.0246592930355712,0.000219635921721782,112.273497168681,0,1486468
CoyoteCalifornia,ChesapeakeBayRetriever,AndeanFox,Meredith.99bp,0.0252740283023903,0.000215858410640092,117.086140991423,0,1592445
CoyoteCalifornia,Chihuahua,AndeanFox,FernCave.100bp,0.024028296999482,0.000572034531156309,42.0049764319494,0,71421
CoyoteCalifornia,Chihuahua,AndeanFox,Castlemaine.99bp,0.0239527378260982,0.000204563274004308,117.092073064854,0,1491524
CoyoteCalifornia,Chihuahua,AndeanFox,Meredith.99bp,0.0247340414424461,0.000205048821645068,120.625133292693,0,1596270
CoyoteCalifornia,ChineseCrested,AndeanFox,FernCave.100bp,0.024566473988439,0.000600078385673696,40.9387749583061,0,71276
CoyoteCalifornia,ChineseCrested,AndeanFox,Castlemaine.99bp,0.0241025446325375,0.000215761557672828,111.709170495912,0,1488152
CoyoteCalifornia,ChineseCrested,AndeanFox,Meredith.99bp,0.0247360455207744,0.000210085575076284,117.742712757849,0,1593646
CoyoteCalifornia,Chinook,AndeanFox,FernCave.100bp,0.0230055169848747,0.000671164710592248,34.2770062576356,1.72749861116628e-257,64528
CoyoteCalifornia,Chinook,AndeanFox,Castlemaine.99bp,0.0235587871371065,0.000231217884933704,101.889986338476,0,1327042
CoyoteCalifornia,Chinook,AndeanFox,Meredith.99bp,0.0246424129893018,0.000218557099664999,112.750457555821,0,1440139
CoyoteCalifornia,ChongqingDog,AndeanFox,FernCave.100bp,0.0192981557377049,0.000751710032185585,25.6723402793972,2.38117409539538e-145,48800
CoyoteCalifornia,ChongqingDog,AndeanFox,Castlemaine.99bp,0.0196669433387658,0.000227025591252493,86.6287506631475,0,990342
CoyoteCalifornia,ChongqingDog,AndeanFox,Meredith.99bp,0.02037336311479,0.000224740295949594,90.6529157519639,0,1141650
CoyoteCalifornia,ChowChow,AndeanFox,FernCave.100bp,0.0197780377104753,0.000579211423177504,34.1464911067787,1.50751750650197e-255,71386
CoyoteCalifornia,ChowChow,AndeanFox,Castlemaine.99bp,0.0197939810591018,0.000209561656734551,94.4542115553825,0,1490672
CoyoteCalifornia,ChowChow,AndeanFox,Meredith.99bp,0.0203999671169184,0.000204234740829127,99.8849022164454,0,1595552
CoyoteCalifornia,ClumberSpaniel,AndeanFox,FernCave.100bp,0.0246525581897545,0.000688149574588645,35.8244182661757,4.60314752177921e-281,64831
CoyoteCalifornia,ClumberSpaniel,AndeanFox,Castlemaine.99bp,0.0242621851160719,0.000234243434287142,103.576799024944,0,1332753
CoyoteCalifornia,ClumberSpaniel,AndeanFox,Meredith.99bp,0.0253673613671242,0.000228210660798827,111.157652663239,0,1483757
CoyoteCalifornia,CockerSpanielAmerican,AndeanFox,FernCave.100bp,0.0242200414670366,0.000604404117683264,40.0725950707851,0,71382
CoyoteCalifornia,CockerSpanielAmerican,AndeanFox,Castlemaine.99bp,0.0243618358809821,0.000211547843024797,115.159935136405,0,1491048
CoyoteCalifornia,CockerSpanielAmerican,AndeanFox,Meredith.99bp,0.0252843449818469,0.000209832928949809,120.497507747675,0,1595597
CoyoteCalifornia,Coonhound,AndeanFox,FernCave.100bp,0.0241831864904557,0.000638508461569044,37.874496496145,0,70824
CoyoteCalifornia,Coonhound,AndeanFox,Castlemaine.99bp,0.0242311112795613,0.000217006114130104,111.660961151692,0,1477522
CoyoteCalifornia,Coonhound,AndeanFox,Meredith.99bp,0.0251492850405822,0.000215523356440258,116.689371657746,0,1585055
CoyoteCalifornia,CurlyCoatedRetriever,AndeanFox,FernCave.100bp,0.0244701035014937,0.00063880059860047,38.3063252525194,0,70627
CoyoteCalifornia,CurlyCoatedRetriever,AndeanFox,Castlemaine.99bp,0.0246124141103099,0.000224544171523774,109.610567681575,0,1461031
CoyoteCalifornia,CurlyCoatedRetriever,AndeanFox,Meredith.99bp,0.0251277175635419,0.000221831074789066,113.274109984074,0,1577700
CoyoteCalifornia,Dachshund,AndeanFox,FernCave.100bp,0.0247309419133228,0.000584934676460609,42.2798355244857,0,71422
CoyoteCalifornia,Dachshund,AndeanFox,Castlemaine.99bp,0.0242244622493586,0.000206970433388619,117.043105397926,0,1491723
CoyoteCalifornia,Dachshund,AndeanFox,Meredith.99bp,0.0249998199060505,0.000206043075940991,121.332977543057,0,1596389
CoyoteCalifornia,Dalmatian,AndeanFox,FernCave.100bp,0.0243697802813742,0.000605674813349533,40.235749851646,0,71364
CoyoteCalifornia,Dalmatian,AndeanFox,Castlemaine.99bp,0.0244004276904381,0.000218577558336616,111.632812975524,0,1489395
CoyoteCalifornia,Dalmatian,AndeanFox,Meredith.99bp,0.0250809566301974,0.000215272174675479,116.508121256297,0,1594681
CoyoteCalifornia,DobermanPinscher,AndeanFox,FernCave.100bp,0.0240229985955055,0.000625422473901328,38.4108336332276,0,71200
CoyoteCalifornia,DobermanPinscher,AndeanFox,Castlemaine.99bp,0.0240651390937852,0.000214841277720828,112.013572759776,0,1484490
CoyoteCalifornia,DobermanPinscher,AndeanFox,Meredith.99bp,0.0249795384767669,0.000207377774262278,120.454270307551,0,1592827
CoyoteCalifornia,EastSiberianLaika,AndeanFox,FernCave.100bp,0.0230641132389678,0.000619276586337767,37.243638380328,1.34311445059836e-303,66055
CoyoteCalifornia,EastSiberianLaika,AndeanFox,Castlemaine.99bp,0.0224548720548369,0.000217980171918499,103.013369781324,0,1361130
CoyoteCalifornia,EastSiberianLaika,AndeanFox,Meredith.99bp,0.0232129536546369,0.000219244695389881,105.876922647353,0,1496072
CoyoteCalifornia,EnglishCockerSpaniel,AndeanFox,FernCave.100bp,0.02453022875817,0.000594004549366927,41.2963651276974,0,71400
CoyoteCalifornia,EnglishCockerSpaniel,AndeanFox,Castlemaine.99bp,0.0244492395770821,0.000211291447326326,115.713342335726,0,1491385
CoyoteCalifornia,EnglishCockerSpaniel,AndeanFox,Meredith.99bp,0.0252992321660636,0.000207894420593092,121.692694271875,0,1595918
CoyoteCalifornia,EnglishMastiff,AndeanFox,FernCave.100bp,0.0241845006030348,0.000613233751505507,39.4376541468259,0,71306
CoyoteCalifornia,EnglishMastiff,AndeanFox,Castlemaine.99bp,0.0247167644301917,0.000214489002862374,115.235578982346,0,1489308
CoyoteCalifornia,EnglishMastiff,AndeanFox,Meredith.99bp,0.0251537466573745,0.000215716278973814,116.605695115054,0,1594181
CoyoteCalifornia,EnglishPointer,AndeanFox,FernCave.100bp,0.024171642002207,0.000636725834497833,37.9624018574187,0,70682
CoyoteCalifornia,EnglishPointer,AndeanFox,Castlemaine.99bp,0.0244080681140864,0.000222389098267762,109.75388768697,0,1473058
CoyoteCalifornia,EnglishPointer,AndeanFox,Meredith.99bp,0.0252233882509275,0.000210442675577521,119.858712980657,0,1583342
CoyoteCalifornia,EnglishSetter,AndeanFox,FernCave.100bp,0.0239918093263475,0.000609617243293303,39.3555293756748,0,71382
CoyoteCalifornia,EnglishSetter,AndeanFox,Castlemaine.99bp,0.0243630511302967,0.000217421541447155,112.054449472378,0,1490936
CoyoteCalifornia,EnglishSetter,AndeanFox,Meredith.99bp,0.0250244135780226,0.000212014644766155,118.031533178398,0,1595765
CoyoteCalifornia,EnglishSpringerSpaniel,AndeanFox,FernCave.100bp,0.0244842105263161,0.000618946206513402,39.557897388593,0,71250
CoyoteCalifornia,EnglishSpringerSpaniel,AndeanFox,Castlemaine.99bp,0.0244265070719983,0.000213024605169051,114.665191152985,0,1487769
CoyoteCalifornia,EnglishSpringerSpaniel,AndeanFox,Meredith.99bp,0.0252339266986791,0.000214370489221168,117.711755896797,0,1593341
CoyoteCalifornia,EntlebucherSennenhund,AndeanFox,FernCave.100bp,0.0243414690548267,0.000632276530214378,38.4981379058519,0,71352
CoyoteCalifornia,EntlebucherSennenhund,AndeanFox,Castlemaine.99bp,0.0241678506496862,0.000217002151068614,111.371479640516,0,1490027
CoyoteCalifornia,EntlebucherSennenhund,AndeanFox,Meredith.99bp,0.0249875326471168,0.00020953696811917,119.251189283724,0,1594832
CoyoteCalifornia,FieldSpaniel,AndeanFox,FernCave.100bp,0.0243696888826458,0.000649780357520353,37.5045022531055,7.77879930936119e-308,71195
CoyoteCalifornia,FieldSpaniel,AndeanFox,Castlemaine.99bp,0.0244374388374162,0.000224202263512089,108.997288674111,0,1485794
CoyoteCalifornia,FieldSpaniel,AndeanFox,Meredith.99bp,0.0254606799733147,0.000222746913960591,114.303177182599,0,1591886
CoyoteCalifornia,FinnishLapphund,AndeanFox,FernCave.100bp,0.022997582594682,0.000661543644738708,34.7635152685435,8.66132044063577e-265,62050
CoyoteCalifornia,FinnishLapphund,AndeanFox,Castlemaine.99bp,0.02335275134689,0.000223469867720233,104.500671992726,0,1251587
CoyoteCalifornia,FinnishLapphund,AndeanFox,Meredith.99bp,0.0242588427581093,0.00021222733247903,114.305930695832,0,1426789
CoyoteCalifornia,FlatCoatedRetriever,AndeanFox,FernCave.100bp,0.0253268431946995,0.00061877825226561,40.9304029383179,0,71339
CoyoteCalifornia,FlatCoatedRetriever,AndeanFox,Castlemaine.99bp,0.0247236122223275,0.000214713214634198,115.147138309342,0,1488609
CoyoteCalifornia,FlatCoatedRetriever,AndeanFox,Meredith.99bp,0.0251407706921001,0.000212559476768876,118.276404676309,0,1594437
CoyoteCalifornia,FonnisDog,AndeanFox,FernCave.100bp,0.0239298454221163,0.000615980981868841,38.8483510473244,0,70644
CoyoteCalifornia,FonnisDog,AndeanFox,Castlemaine.99bp,0.0240575104671883,0.0002197493170788,109.47706589942,0,1468637
CoyoteCalifornia,FonnisDog,AndeanFox,Meredith.99bp,0.0247313812322998,0.000218299656390062,113.290976455361,0,1582261
CoyoteCalifornia,FrenchBulldog,AndeanFox,FernCave.100bp,0.024664408348763,0.000607032240503253,40.6311340701035,0,71292
CoyoteCalifornia,FrenchBulldog,AndeanFox,Castlemaine.99bp,0.0248793201472016,0.000216742813029217,114.787290058138,0,1488028
CoyoteCalifornia,FrenchBulldog,AndeanFox,Meredith.99bp,0.0254303735602978,0.000217165252609652,117.101484950763,0,1593906
CoyoteCalifornia,GermanHuntingTerrier,AndeanFox,FernCave.100bp,0.024140839131352,0.000627267927132201,38.4856902244647,0,71145
CoyoteCalifornia,GermanHuntingTerrier,AndeanFox,Castlemaine.99bp,0.0245469390347221,0.00022589002413211,108.667654222596,0,1480154
CoyoteCalifornia,GermanHuntingTerrier,AndeanFox,Meredith.99bp,0.0253375647021295,0.00021906996148942,115.659693961982,0,1589399
CoyoteCalifornia,GermanShepherdDog,AndeanFox,FernCave.100bp,0.024486645186897,0.000600005014317369,40.8107342482057,0,71385
CoyoteCalifornia,GermanShepherdDog,AndeanFox,Castlemaine.99bp,0.0242013633648295,0.000214066243327398,113.055486884102,0,1490968
CoyoteCalifornia,GermanShepherdDog,AndeanFox,Meredith.99bp,0.0248110839981542,0.000212040275036082,117.011185700133,0,1595793
CoyoteCalifornia,GermanWirehairedPointer,AndeanFox,FernCave.100bp,0.0249167560246062,0.000634504861959042,39.2696061424579,0,70876
CoyoteCalifornia,GermanWirehairedPointer,AndeanFox,Castlemaine.99bp,0.0245005372168109,0.000223920778598139,109.416095148458,0,1477988
CoyoteCalifornia,GermanWirehairedPointer,AndeanFox,Meredith.99bp,0.0252353888683998,0.000221364813090421,113.999097309525,0,1586205
CoyoteCalifornia,GoldenRetriever,AndeanFox,FernCave.100bp,0.0248118967499906,0.000604778395264994,41.0264271082614,0,70728
CoyoteCalifornia,GoldenRetriever,AndeanFox,Castlemaine.99bp,0.024608933608009,0.000207968505117228,118.330098079694,0,1469369
CoyoteCalifornia,GoldenRetriever,AndeanFox,Meredith.99bp,0.0252039812518448,0.000209068334825434,120.553795355425,0,1586645
CoyoteCalifornia,GordonSetter,AndeanFox,FernCave.100bp,0.0240977575332862,0.000620410529978234,38.8416320627756,0,71350
CoyoteCalifornia,GordonSetter,AndeanFox,Castlemaine.99bp,0.0243053667782886,0.000220418171966005,110.269341958054,0,1489851
CoyoteCalifornia,GordonSetter,AndeanFox,Meredith.99bp,0.0250852358044298,0.000214032561210401,117.202895029463,0,1594987
CoyoteCalifornia,GreatDane,AndeanFox,FernCave.100bp,0.0241093889285598,0.000604243336750897,39.9001320530887,0,71421
CoyoteCalifornia,GreatDane,AndeanFox,Castlemaine.99bp,0.0244372612187386,0.000213116506675431,114.66620582307,0,1491515
CoyoteCalifornia,GreatDane,AndeanFox,Meredith.99bp,0.0250663565502947,0.000210829328152395,118.894068344115,0,1596175
CoyoteCalifornia,GreaterSwissMountainDog,AndeanFox,FernCave.100bp,0.024164155043106,0.000618094683616548,39.0945848324056,0,71335
CoyoteCalifornia,GreaterSwissMountainDog,AndeanFox,Castlemaine.99bp,0.0241054183612617,0.000219161720831775,109.989181823247,0,1489048
CoyoteCalifornia,GreaterSwissMountainDog,AndeanFox,Meredith.99bp,0.0248959145439276,0.000220019620241182,113.153156598657,0,1594363
CoyoteCalifornia,GreatPyrenees,AndeanFox,FernCave.100bp,0.0249330234898836,0.000646632223695183,38.5582755950574,0,67561
CoyoteCalifornia,GreatPyrenees,AndeanFox,Castlemaine.99bp,0.0241465488783316,0.000223411197684445,108.081193461203,0,1393460
CoyoteCalifornia,GreatPyrenees,AndeanFox,Meredith.99bp,0.0249388646777132,0.000222507977377589,112.080766593787,0,1518353
CoyoteCalifornia,GreenlandDog,AndeanFox,FernCave.100bp,0.0203592860558753,0.000654562310342746,31.103663828757,2.1488653426181e-212,64823
CoyoteCalifornia,GreenlandDog,AndeanFox,Castlemaine.99bp,0.0206322503343399,0.00021884143282792,94.279451874013,0,1322008
CoyoteCalifornia,GreenlandDog,AndeanFox,Meredith.99bp,0.0213084483492369,0.000212674680422209,100.19269010742,0,1487403
CoyoteCalifornia,Greyhound,AndeanFox,FernCave.100bp,0.0248272884283247,0.000612085816041241,40.5617770869108,0,70638
CoyoteCalifornia,Greyhound,AndeanFox,Castlemaine.99bp,0.0247170771540782,0.000213559483865155,115.738606905816,0,1465859
CoyoteCalifornia,Greyhound,AndeanFox,Meredith.99bp,0.0251820720520787,0.000212421113970987,118.547876815664,0,1577100
CoyoteCalifornia,Grossspitz,AndeanFox,FernCave.100bp,0.0237524093588647,0.000619169936845655,38.3616967578735,0,71077
CoyoteCalifornia,Grossspitz,AndeanFox,Castlemaine.99bp,0.0235864295612385,0.000219341718947225,107.532801668768,0,1476474
CoyoteCalifornia,Grossspitz,AndeanFox,Meredith.99bp,0.0243498762118951,0.000213166261561849,114.229503456531,0,1587390
CoyoteCalifornia,Heideterrier,AndeanFox,FernCave.100bp,0.0251057908040099,0.00062926148370656,39.8972310463503,0,70422
CoyoteCalifornia,Heideterrier,AndeanFox,Castlemaine.99bp,0.0244617958038188,0.000221610378852962,110.381995330865,0,1454513
CoyoteCalifornia,Heideterrier,AndeanFox,Meredith.99bp,0.025243740668446,0.000215189564425908,117.309316257005,0,1573291
CoyoteCalifornia,Hovawart,AndeanFox,FernCave.100bp,0.0249889113047459,0.000655438986718356,38.125457611028,0,69891
CoyoteCalifornia,Hovawart,AndeanFox,Castlemaine.99bp,0.0247201949685489,0.000233206073714044,106.001505770646,0,1438591
CoyoteCalifornia,Hovawart,AndeanFox,Meredith.99bp,0.0250704959332958,0.000224820388049149,111.513444802947,0,1563920
CoyoteCalifornia,IrishSetter,AndeanFox,FernCave.100bp,0.0248111616569591,0.000641909217866055,38.652134860192,0,70563
CoyoteCalifornia,IrishSetter,AndeanFox,Castlemaine.99bp,0.0242996034764197,0.000233986487663559,103.850456148388,0,1465991
CoyoteCalifornia,IrishSetter,AndeanFox,Meredith.99bp,0.0252705919715367,0.000220534461667973,114.587950474529,0,1580701
CoyoteCalifornia,IrishTerrier,AndeanFox,FernCave.100bp,0.0243690089130553,0.000618908655153363,39.3741608073275,0,71356
CoyoteCalifornia,IrishTerrier,AndeanFox,Castlemaine.99bp,0.024422142711404,0.000215704362685255,113.220439342896,0,1489944
CoyoteCalifornia,IrishTerrier,AndeanFox,Meredith.99bp,0.0251825120682089,0.000214758216090671,117.259830737171,0,1595100
CoyoteCalifornia,IrishWaterSpaniel,AndeanFox,FernCave.100bp,0.0248161721768296,0.000618612232685499,40.1158769025606,0,71353
CoyoteCalifornia,IrishWaterSpaniel,AndeanFox,Castlemaine.99bp,0.0244619283499389,0.000215547712232001,113.487302169135,0,1489052
CoyoteCalifornia,IrishWaterSpaniel,AndeanFox,Meredith.99bp,0.0252296466737867,0.000213863564199587,117.97075751642,0,1594551
CoyoteCalifornia,IrishWolfhound,AndeanFox,FernCave.100bp,0.0248401676273293,0.000661407606662597,37.5565194247924,0,69917
CoyoteCalifornia,IrishWolfhound,AndeanFox,Castlemaine.99bp,0.0245508570844911,0.000227115870617274,108.098377351458,0,1448982
CoyoteCalifornia,IrishWolfhound,AndeanFox,Meredith.99bp,0.0252243752554956,0.000224783881612762,112.21612098927,0,1572923
CoyoteCalifornia,IstrianShorthairedHound,AndeanFox,FernCave.100bp,0.0248233960672674,0.000854294602521128,29.0571847159171,1.24858682300678e-185,37938
CoyoteCalifornia,IstrianShorthairedHound,AndeanFox,Castlemaine.99bp,0.0238480178245561,0.000244264477517437,97.6319523286133,0,768827
CoyoteCalifornia,IstrianShorthairedHound,AndeanFox,Meredith.99bp,0.0250779663809615,0.000244718857274692,102.476640583574,0,922513
CoyoteCalifornia,ItalianGreyhound,AndeanFox,FernCave.100bp,0.0242845194754086,0.00061324735824762,39.5998762143918,0,71141
CoyoteCalifornia,ItalianGreyhound,AndeanFox,Castlemaine.99bp,0.0243689030386138,0.000215521933648562,113.06924834087,0,1484756
CoyoteCalifornia,ItalianGreyhound,AndeanFox,Meredith.99bp,0.0251632075625787,0.000209772853706193,119.954546634629,0,1591838
CoyoteCalifornia,JackRussellTerrier,AndeanFox,FernCave.100bp,0.0248497384422263,0.000585753352596477,42.4235530741302,0,71431
CoyoteCalifornia,JackRussellTerrier,AndeanFox,Castlemaine.99bp,0.0245567171456144,0.00020884754884283,117.582022301323,0,1491777
CoyoteCalifornia,JackRussellTerrier,AndeanFox,Meredith.99bp,0.0251902559868568,0.00020294738143096,124.122104011606,0,1596358
CoyoteCalifornia,Jamthund,AndeanFox,FernCave.100bp,0.0238544474393524,0.00061575736504516,38.7400115589408,0,68635
CoyoteCalifornia,Jamthund,AndeanFox,Castlemaine.99bp,0.0236546242181094,0.00021931945116865,107.854657177305,0,1412282
CoyoteCalifornia,Jamthund,AndeanFox,Meredith.99bp,0.0244517369368139,0.000215345847215088,113.546359277555,0,1552129
CoyoteCalifornia,Jindo,AndeanFox,FernCave.100bp,0.0200264707547702,0.000607093160256958,32.9874755075379,1.22831802114762e-238,70644
CoyoteCalifornia,Jindo,AndeanFox,Castlemaine.99bp,0.0198276190657697,0.000212275372765572,93.4051784126011,0,1469188
CoyoteCalifornia,Jindo,AndeanFox,Meredith.99bp,0.0205543470979535,0.000209928156440917,97.9113399861554,0,1582366
CoyoteCalifornia,Keeshond,AndeanFox,FernCave.100bp,0.0239323568275745,0.000623045632276383,38.4118844395624,0,71138
CoyoteCalifornia,Keeshond,AndeanFox,Castlemaine.99bp,0.0239598086563687,0.000221696260929183,108.07493349661,0,1481314
CoyoteCalifornia,Keeshond,AndeanFox,Meredith.99bp,0.0249495175068878,0.000223054672238699,111.853821560789,0,1589660
CoyoteCalifornia,KerryBlueTerrier,AndeanFox,FernCave.100bp,0.0251651795798512,0.000650080984753036,38.7108378341683,0,70832
CoyoteCalifornia,KerryBlueTerrier,AndeanFox,Castlemaine.99bp,0.02449775261788,0.00022295989872899,109.875151350231,0,1475717
CoyoteCalifornia,KerryBlueTerrier,AndeanFox,Meredith.99bp,0.0253325957394166,0.000214270992993547,118.226902230203,0,1584431
CoyoteCalifornia,Komondor,AndeanFox,FernCave.100bp,0.0237557833748189,0.000643138209823862,36.9372912570767,1.16517396994014e-298,71109
CoyoteCalifornia,Komondor,AndeanFox,Castlemaine.99bp,0.0241117514018225,0.000227906018921096,105.796904864414,0,1480751
CoyoteCalifornia,Komondor,AndeanFox,Meredith.99bp,0.0248408809495046,0.000219495591985946,113.1725731927,0,1589376
CoyoteCalifornia,Kromfohrlander,AndeanFox,FernCave.100bp,0.0244196777170444,0.000651904508985896,37.4589796211591,4.29004492850921e-307,70435
CoyoteCalifornia,Kromfohrlander,AndeanFox,Castlemaine.99bp,0.0242576841535662,0.000219327612737868,110.600228811856,0,1463629
CoyoteCalifornia,Kromfohrlander,AndeanFox,Meredith.99bp,0.0250231166297477,0.000222905478274508,112.258867854884,0,1574624
CoyoteCalifornia,LabradorRetriever,AndeanFox,FernCave.100bp,0.0248899071649608,0.000608666788580461,40.8925008427177,0,71417
CoyoteCalifornia,LabradorRetriever,AndeanFox,Castlemaine.99bp,0.0246532529529682,0.000211872851267621,116.358716114261,0,1491409
CoyoteCalifornia,LabradorRetriever,AndeanFox,Meredith.99bp,0.0252524516791298,0.000207267770748679,121.834917160128,0,1596015
CoyoteCalifornia,LagottoRomagnolo,AndeanFox,FernCave.100bp,0.0240583418509029,0.000588302749066324,40.8944916356163,0,71421
CoyoteCalifornia,LagottoRomagnolo,AndeanFox,Castlemaine.99bp,0.0241386551710806,0.00021090918636226,114.450468409753,0,1491471
CoyoteCalifornia,LagottoRomagnolo,AndeanFox,Meredith.99bp,0.0250574065790221,0.000207703749328244,120.640126430374,0,1596144
CoyoteCalifornia,Landseer,AndeanFox,FernCave.100bp,0.0238597013522194,0.000682479456806673,34.960321683321,9.02444677500822e-268,63821
CoyoteCalifornia,Landseer,AndeanFox,Castlemaine.99bp,0.0246967041432391,0.000223236218057145,110.630364365504,0,1316289
CoyoteCalifornia,Landseer,AndeanFox,Meredith.99bp,0.0251131670668798,0.000226492702574963,110.878482094,0,1446313
CoyoteCalifornia,LapponianHerder,AndeanFox,FernCave.100bp,0.0238833101106684,0.000655461177361326,36.4374137409859,1.08869276169302e-290,62439
CoyoteCalifornia,LapponianHerder,AndeanFox,Castlemaine.99bp,0.0235923034047915,0.000223908846586661,105.365660019424,0,1252294
CoyoteCalifornia,LapponianHerder,AndeanFox,Meredith.99bp,0.0244164567294836,0.000219712612902031,111.129062674116,0,1421060
CoyoteCalifornia,Leonberger,AndeanFox,FernCave.100bp,0.0248347238661622,0.000654545033494433,37.9419636469878,0,69278
CoyoteCalifornia,Leonberger,AndeanFox,Castlemaine.99bp,0.0243460257455192,0.000224283186801373,108.550382633364,0,1434269
CoyoteCalifornia,Leonberger,AndeanFox,Meredith.99bp,0.0252291119652958,0.000224643769035537,112.307196739139,0,1558081
CoyoteCalifornia,Lowchen,AndeanFox,FernCave.100bp,0.0246516689817135,0.00063412808671088,38.8749047681797,0,69833
CoyoteCalifornia,Lowchen,AndeanFox,Castlemaine.99bp,0.024129469142442,0.000224487141160763,107.487088203248,0,1461522
CoyoteCalifornia,Lowchen,AndeanFox,Meredith.99bp,0.0250412134572414,0.000217203236820931,115.289319918773,0,1563203
CoyoteCalifornia,MiniatureBullTerrier,AndeanFox,FernCave.100bp,0.0245927604995288,0.000647172493945278,38.0003178899137,0,71027
CoyoteCalifornia,MiniatureBullTerrier,AndeanFox,Castlemaine.99bp,0.024932144648855,0.000227117635042113,109.776348473477,0,1477039
CoyoteCalifornia,MiniatureBullTerrier,AndeanFox,Meredith.99bp,0.0253811983516632,0.000219675730330802,115.539383041734,0,1587297
CoyoteCalifornia,MiniaturePoodle,AndeanFox,FernCave.100bp,0.0245595038881782,0.000599239781220551,40.9844350422706,0,71113
CoyoteCalifornia,MiniaturePoodle,AndeanFox,Castlemaine.99bp,0.0242864310383687,0.000215342476689576,112.780494641466,0,1481882
CoyoteCalifornia,MiniaturePoodle,AndeanFox,Meredith.99bp,0.0251018834448361,0.000212275946582236,118.251190721279,0,1590543
CoyoteCalifornia,MiniatureSchnauzer,AndeanFox,FernCave.100bp,0.0241984205756699,0.000624352883584056,38.757602009877,0,69519
CoyoteCalifornia,MiniatureSchnauzer,AndeanFox,Castlemaine.99bp,0.0241569393770657,0.000216533920888413,111.561917310473,0,1443876
CoyoteCalifornia,MiniatureSchnauzer,AndeanFox,Meredith.99bp,0.025022895255116,0.000212610896020675,117.693381305738,0,1560003
CoyoteCalifornia,NorwegianElkhound,AndeanFox,FernCave.100bp,0.0238157027227967,0.00059360719507372,40.1203066951354,0,71287
CoyoteCalifornia,NorwegianElkhound,AndeanFox,Castlemaine.99bp,0.0236907294924751,0.000210660070767563,112.45951549411,0,1487966
CoyoteCalifornia,NorwegianElkhound,AndeanFox,Meredith.99bp,0.024364731087007,0.000209143012073615,116.497944853309,0,1594010
CoyoteCalifornia,NorwegianLundehund,AndeanFox,FernCave.100bp,0.024190290136132,0.000680170160382291,35.5650564301965,4.8622793683148e-277,70128
CoyoteCalifornia,NorwegianLundehund,AndeanFox,Castlemaine.99bp,0.0239727338258939,0.000225996043328413,106.075900590247,0,1454305
CoyoteCalifornia,NorwegianLundehund,AndeanFox,Meredith.99bp,0.0245673746356104,0.00022684687877703,108.299372546175,0,1576152
CoyoteCalifornia,NorwichTerrier,AndeanFox,FernCave.100bp,0.0242939743446004,0.00061373132907846,39.5840544446032,0,71356
CoyoteCalifornia,NorwichTerrier,AndeanFox,Castlemaine.99bp,0.0241699589855757,0.000214224707558517,112.825263066229,0,1486794
CoyoteCalifornia,NorwichTerrier,AndeanFox,Meredith.99bp,0.0249397004172882,0.000214508264002782,116.264520312209,0,1594262
CoyoteCalifornia,NovaScotiaDuckTollingRetriever,AndeanFox,FernCave.100bp,0.0243158844510864,0.000635541969552079,38.2600766212559,0,70931
CoyoteCalifornia,NovaScotiaDuckTollingRetriever,AndeanFox,Castlemaine.99bp,0.0244105240387216,0.000220592173566041,110.659066657292,0,1479280
CoyoteCalifornia,NovaScotiaDuckTollingRetriever,AndeanFox,Meredith.99bp,0.0250218470842815,0.000214366333370845,116.724705278206,0,1586024
CoyoteCalifornia,PembrokeWelshCorgi,AndeanFox,FernCave.100bp,0.0244891953249809,0.000611152744515106,40.0704988151707,0,71358
CoyoteCalifornia,PembrokeWelshCorgi,AndeanFox,Castlemaine.99bp,0.0240999702719079,0.000215985593194754,111.581378718056,0,1490173
CoyoteCalifornia,PembrokeWelshCorgi,AndeanFox,Meredith.99bp,0.0251247319336944,0.000211452674834799,118.819645830082,0,1595221
CoyoteCalifornia,PeruvianIncaOrchid,AndeanFox,FernCave.100bp,0.0249719702374887,0.000636078606296393,39.2592519073853,0,68677
CoyoteCalifornia,PeruvianIncaOrchid,AndeanFox,Castlemaine.99bp,0.0243361227257554,0.000217670571370897,111.802539831111,0,1420142
CoyoteCalifornia,PeruvianIncaOrchid,AndeanFox,Meredith.99bp,0.0249074086661993,0.000216474529333142,115.059303941797,0,1544691
CoyoteCalifornia,PetitBassetGriffonVendeen,AndeanFox,FernCave.100bp,0.0245440011627059,0.000667003836187464,36.7973913058691,2.03242282876272e-296,68805
CoyoteCalifornia,PetitBassetGriffonVendeen,AndeanFox,Castlemaine.99bp,0.0243099399817243,0.000229845679079267,105.766356274814,0,1398574
CoyoteCalifornia,PetitBassetGriffonVendeen,AndeanFox,Meredith.99bp,0.0250670414600408,0.0002231285997405,112.343471384636,0,1523684
CoyoteCalifornia,Pomeranian,AndeanFox,FernCave.100bp,0.0240789901015264,0.000634470394363098,37.9513217881468,0,70819
CoyoteCalifornia,Pomeranian,AndeanFox,Castlemaine.99bp,0.0240612604521733,0.000216442093446016,111.167195202603,0,1469790
CoyoteCalifornia,Pomeranian,AndeanFox,Meredith.99bp,0.0250686220936294,0.000213297201963106,117.529071468859,0,1582945
CoyoteCalifornia,Poodle,AndeanFox,FernCave.100bp,0.0244006666381777,0.000622710833776178,39.1845866727735,0,70203
CoyoteCalifornia,Poodle,AndeanFox,Castlemaine.99bp,0.0242900400566585,0.000216936346455805,111.968512669715,0,1460681
CoyoteCalifornia,Poodle,AndeanFox,Meredith.99bp,0.0251417161057157,0.000213836904659289,117.574261308049,0,1575509
CoyoteCalifornia,PortuguesePodengo,AndeanFox,FernCave.100bp,0.0246967807753344,0.000616854168681752,40.0366602500436,0,70576
CoyoteCalifornia,PortuguesePodengo,AndeanFox,Castlemaine.99bp,0.0242352655051047,0.000224814083668818,107.801366843221,0,1463776
CoyoteCalifornia,PortuguesePodengo,AndeanFox,Meredith.99bp,0.025019166612237,0.00021640329106335,115.613614235252,0,1576961
CoyoteCalifornia,PortugueseWaterDog,AndeanFox,FernCave.100bp,0.0246899317079547,0.000587077922176579,42.0556297133731,0,71409
CoyoteCalifornia,PortugueseWaterDog,AndeanFox,Castlemaine.99bp,0.0242960641485141,0.00021329636179575,113.907541338092,0,1490749
CoyoteCalifornia,PortugueseWaterDog,AndeanFox,Meredith.99bp,0.0251145007712066,0.000208095649443665,120.687293743762,0,1595768
CoyoteCalifornia,Pug,AndeanFox,FernCave.100bp,0.0239753619664658,0.00062620702652797,38.2866383652674,0,69919
CoyoteCalifornia,Pug,AndeanFox,Castlemaine.99bp,0.0241311060296821,0.000217503218570618,110.945972148211,0,1453222
CoyoteCalifornia,Pug,AndeanFox,Meredith.99bp,0.0249264857323649,0.000212055007640969,117.547262899672,0,1566646
CoyoteCalifornia,QingchuanDog,AndeanFox,FernCave.100bp,0.0197690580562383,0.000736461614103789,26.8432972983874,1.00999889701884e-158,46765
CoyoteCalifornia,QingchuanDog,AndeanFox,Castlemaine.99bp,0.0200147612579579,0.000222184934351365,90.0815409307025,0,950461
CoyoteCalifornia,QingchuanDog,AndeanFox,Meredith.99bp,0.0206541344544916,0.000220413673142083,93.7062304713627,0,1088874
CoyoteCalifornia,RhodesianRidgeback,AndeanFox,FernCave.100bp,0.024173843030176,0.000593614882376157,40.7231081091019,0,71415
CoyoteCalifornia,RhodesianRidgeback,AndeanFox,Castlemaine.99bp,0.024266684390577,0.000216488865134866,112.092067069868,0,1491394
CoyoteCalifornia,RhodesianRidgeback,AndeanFox,Meredith.99bp,0.0250553840826344,0.000211193879291672,118.636885532234,0,1595976
CoyoteCalifornia,Rottweiler,AndeanFox,FernCave.100bp,0.0247319415068703,0.000596186647930486,41.4835548443112,0,71393
CoyoteCalifornia,Rottweiler,AndeanFox,Castlemaine.99bp,0.0243551221241234,0.000211720804202334,115.034147049848,0,1490560
CoyoteCalifornia,Rottweiler,AndeanFox,Meredith.99bp,0.0250267971226736,0.000207882378720933,120.389218541079,0,1595787
CoyoteCalifornia,SaintBernard,AndeanFox,FernCave.100bp,0.0243232523201778,0.000602072213131718,40.3992275173418,0,71223
CoyoteCalifornia,SaintBernard,AndeanFox,Castlemaine.99bp,0.0243895342187801,0.000213527171474594,114.222157537838,0,1486406
CoyoteCalifornia,SaintBernard,AndeanFox,Meredith.99bp,0.0252200154418826,0.000219037222149415,115.140318135878,0,1593070
CoyoteCalifornia,Saluki,AndeanFox,FernCave.100bp,0.022208901788677,0.000584486826434058,37.9972666350294,0,71319
CoyoteCalifornia,Saluki,AndeanFox,Castlemaine.99bp,0.0224072966775058,0.000211695607119743,105.846772081725,0,1488440
CoyoteCalifornia,Saluki,AndeanFox,Meredith.99bp,0.0230570121517759,0.000204006784332402,113.020810691313,0,1594280
CoyoteCalifornia,Samoyed,AndeanFox,FernCave.100bp,0.0229305975927363,0.000622607693917925,36.8299296920656,6.12925994438022e-297,71035
CoyoteCalifornia,Samoyed,AndeanFox,Castlemaine.99bp,0.0225971441361877,0.000216593796220903,104.329600064542,0,1478782
CoyoteCalifornia,Samoyed,AndeanFox,Meredith.99bp,0.0235165958785591,0.000215488118147353,109.1317520462,0,1589250
CoyoteCalifornia,ScottishDeerhound,AndeanFox,FernCave.100bp,0.0252558623404379,0.000651812498926949,38.7471280192011,0,71132
CoyoteCalifornia,ScottishDeerhound,AndeanFox,Castlemaine.99bp,0.0244848296921449,0.000225987523064821,108.345935917541,0,1483490
CoyoteCalifornia,ScottishDeerhound,AndeanFox,Meredith.99bp,0.0252620549029079,0.000226090063030028,111.734476802515,0,1589934
CoyoteCalifornia,ScottishTerrier,AndeanFox,FernCave.100bp,0.0250043195434826,0.000611548990674014,40.8868625814005,0,71381
CoyoteCalifornia,ScottishTerrier,AndeanFox,Castlemaine.99bp,0.0240524997294277,0.000215472125650978,111.626966396516,0,1490668
CoyoteCalifornia,ScottishTerrier,AndeanFox,Meredith.99bp,0.0249357150244291,0.000212803139655726,117.177383119301,0,1595435
CoyoteCalifornia,SharPei,AndeanFox,FernCave.100bp,0.0205153296567383,0.000605989662505435,33.8542568068219,3.1417489970795e-251,68723
CoyoteCalifornia,SharPei,AndeanFox,Castlemaine.99bp,0.0207679825205876,0.000210124707307061,98.8364613888014,0,1408743
CoyoteCalifornia,SharPei,AndeanFox,Meredith.99bp,0.0212809230468368,0.000211013313849047,100.851091614345,0,1534050
CoyoteCalifornia,ShetlandSheepdog,AndeanFox,FernCave.100bp,0.0244509510000325,0.000613526849174012,39.8531067270336,0,71381
CoyoteCalifornia,ShetlandSheepdog,AndeanFox,Castlemaine.99bp,0.0241260433926107,0.000209327946870912,115.25476532519,0,1490730
CoyoteCalifornia,ShetlandSheepdog,AndeanFox,Meredith.99bp,0.0249324991073355,0.000214205906282962,116.395012350407,0,1595411
CoyoteCalifornia,ShibaInu,AndeanFox,FernCave.100bp,0.0200346905879881,0.000601989917829442,33.2807743030414,7.32678229337745e-243,71345
CoyoteCalifornia,ShibaInu,AndeanFox,Castlemaine.99bp,0.0204762921641824,0.000219673435864012,93.212418168113,0,1489149
CoyoteCalifornia,ShibaInu,AndeanFox,Meredith.99bp,0.021315275246767,0.000215426676669736,98.9444556091109,0,1594115
CoyoteCalifornia,SiberianHusky,AndeanFox,FernCave.100bp,0.0211029336246415,0.00057339747492036,36.8033250016885,1.63346815814525e-296,71402
CoyoteCalifornia,SiberianHusky,AndeanFox,Castlemaine.99bp,0.020899441362011,0.000207844168101543,100.553417268848,0,1491246
CoyoteCalifornia,SiberianHusky,AndeanFox,Meredith.99bp,0.0216251845442507,0.00020434870665071,105.82491515943,0,1596049
CoyoteCalifornia,Sloughi,AndeanFox,FernCave.100bp,0.0234963722441662,0.000592930954127943,39.6275014495131,0,71394
CoyoteCalifornia,Sloughi,AndeanFox,Castlemaine.99bp,0.0232842948217094,0.000210778050524609,110.468309028178,0,1491039
CoyoteCalifornia,Sloughi,AndeanFox,Meredith.99bp,0.0241341793977405,0.000204147628711233,118.219249227128,0,1595702
CoyoteCalifornia,SoftCoatedWheatenTerrier,AndeanFox,FernCave.100bp,0.0247534288796423,0.000618722152355445,40.0073422058791,0,71379
CoyoteCalifornia,SoftCoatedWheatenTerrier,AndeanFox,Castlemaine.99bp,0.0244840360310324,0.000219240888265129,111.676413212775,0,1490826
CoyoteCalifornia,SoftCoatedWheatenTerrier,AndeanFox,Meredith.99bp,0.0251686012978176,0.000212533716634228,118.42168713933,0,1595653
CoyoteCalifornia,SpanishGalgo,AndeanFox,FernCave.100bp,0.024513429174408,0.000704917114003243,34.7749099680607,5.82614340366573e-265,55439
CoyoteCalifornia,SpanishGalgo,AndeanFox,Castlemaine.99bp,0.0240124203708317,0.000229489004409849,104.634295802458,0,1123960
CoyoteCalifornia,SpanishGalgo,AndeanFox,Meredith.99bp,0.0249136427466861,0.000220139737820061,113.171947025076,0,1294622
CoyoteCalifornia,SpanishWaterDog,AndeanFox,FernCave.100bp,0.0242192501956323,0.000619932989743384,39.0675292270825,0,70285
CoyoteCalifornia,SpanishWaterDog,AndeanFox,Castlemaine.99bp,0.0243600451752937,0.000222850464773402,109.311170609688,0,1461861
CoyoteCalifornia,SpanishWaterDog,AndeanFox,Meredith.99bp,0.0251629578680647,0.000220890750670681,113.915851123976,0,1573106
CoyoteCalifornia,SpinoneItaliano,AndeanFox,FernCave.100bp,0.0246632051641869,0.000631920789699639,39.0289504099235,0,71260
CoyoteCalifornia,SpinoneItaliano,AndeanFox,Castlemaine.99bp,0.0241662580438165,0.000220784441559487,109.45634517143,0,1486701
CoyoteCalifornia,SpinoneItaliano,AndeanFox,Meredith.99bp,0.0249715720187038,0.000223015882845985,111.972168529132,0,1592621
CoyoteCalifornia,StandardPoodle,AndeanFox,FernCave.100bp,0.0245801006451371,0.00060217533900888,40.8188430392939,0,71406
CoyoteCalifornia,StandardPoodle,AndeanFox,Castlemaine.99bp,0.0241566169606542,0.000211437443315437,114.249475314624,0,1491503
CoyoteCalifornia,StandardPoodle,AndeanFox,Meredith.99bp,0.02495377499669,0.000208751190744189,119.538360033928,0,1596178
CoyoteCalifornia,StandardSchnauzer,AndeanFox,FernCave.100bp,0.0246066529444437,0.000586558220812157,41.950913091582,0,71417
CoyoteCalifornia,StandardSchnauzer,AndeanFox,Castlemaine.99bp,0.0241830608731643,0.000210061084593862,115.123945589067,0,1491533
CoyoteCalifornia,StandardSchnauzer,AndeanFox,Meredith.99bp,0.024894125974038,0.000207259718749173,120.110777551354,0,1596276
CoyoteCalifornia,SwedishLapphund,AndeanFox,FernCave.100bp,0.0240848389630831,0.00066293682416436,36.3305191161198,5.33653499241888e-289,63650
CoyoteCalifornia,SwedishLapphund,AndeanFox,Castlemaine.99bp,0.0234665369986972,0.000220367034302266,106.488418619408,0,1292532
CoyoteCalifornia,SwedishLapphund,AndeanFox,Meredith.99bp,0.0242977850535225,0.00021663555515491,112.159728518007,0,1467891
CoyoteCalifornia,TibetanMastiff,AndeanFox,FernCave.100bp,0.0204735488302331,0.000564685954595946,36.256522167056,7.84312250582464e-288,71339
CoyoteCalifornia,TibetanMastiff,AndeanFox,Castlemaine.99bp,0.0205046514584433,0.000205826703922403,99.6209484371555,0,1489282
CoyoteCalifornia,TibetanMastiff,AndeanFox,Meredith.99bp,0.0211036642112221,0.000201682062943074,104.638280188451,0,1594959
CoyoteCalifornia,TibetanTerrier,AndeanFox,FernCave.100bp,0.0234090208064608,0.000604813681346958,38.7045159995843,0,71324
CoyoteCalifornia,TibetanTerrier,AndeanFox,Castlemaine.99bp,0.0232274749938552,0.000214752717788407,108.159166659492,0,1489034
CoyoteCalifornia,TibetanTerrier,AndeanFox,Meredith.99bp,0.0239584208869056,0.000215325310381021,111.266162089867,0,1594262
CoyoteCalifornia,Tornjak,AndeanFox,FernCave.100bp,0.0247812251392201,0.000989581584534587,25.042124395307,2.12720022930138e-138,25140
CoyoteCalifornia,Tornjak,AndeanFox,Castlemaine.99bp,0.0232358489444421,0.000272019069064047,85.4199267146641,0,504662
CoyoteCalifornia,Tornjak,AndeanFox,Meredith.99bp,0.0238784255550297,0.000274061148999364,87.1280940119138,0,629606
CoyoteCalifornia,ToyPoodle,AndeanFox,FernCave.100bp,0.0244953432508742,0.000644637900307644,37.9986085819406,0,71187
CoyoteCalifornia,ToyPoodle,AndeanFox,Castlemaine.99bp,0.0243281515746852,0.000218861793369502,111.1575995067,0,1485789
CoyoteCalifornia,ToyPoodle,AndeanFox,Meredith.99bp,0.025245722434953,0.000219150630136774,115.198037163739,0,1591735
CoyoteCalifornia,Vizsla,AndeanFox,FernCave.100bp,0.024612329403811,0.0006402307282524,38.4429055303138,0,71001
CoyoteCalifornia,Vizsla,AndeanFox,Castlemaine.99bp,0.0241883936251224,0.000228023950591572,106.078302574661,0,1479997
CoyoteCalifornia,Vizsla,AndeanFox,Meredith.99bp,0.0252678241363219,0.000219919051228785,114.896021945981,0,1587889
CoyoteCalifornia,WestHighlandWhiteTerrier,AndeanFox,FernCave.100bp,0.024435096490491,0.000612465236327558,39.8962994814331,0,71406
CoyoteCalifornia,WestHighlandWhiteTerrier,AndeanFox,Castlemaine.99bp,0.0242515679639559,0.000213187720860337,113.756870546233,0,1491212
CoyoteCalifornia,WestHighlandWhiteTerrier,AndeanFox,Meredith.99bp,0.0249180116505389,0.000207748842040631,119.942962886241,0,1595806
CoyoteCalifornia,Whippet,AndeanFox,FernCave.100bp,0.0250483836284103,0.000631141333866354,39.6874396974837,0,69755
CoyoteCalifornia,Whippet,AndeanFox,Castlemaine.99bp,0.0245367939053353,0.000223458006214661,109.804944208463,0,1450974
CoyoteCalifornia,Whippet,AndeanFox,Meredith.99bp,0.0252014396990301,0.000219925915458303,114.590586773336,0,1565605
CoyoteCalifornia,XiasiDog,AndeanFox,FernCave.100bp,0.0197464529427064,0.000702078181404685,28.1257179979566,4.74961625525859e-174,49971
CoyoteCalifornia,XiasiDog,AndeanFox,Castlemaine.99bp,0.0191655404640577,0.000228126393190423,84.0128149839274,0,1015951
CoyoteCalifornia,XiasiDog,AndeanFox,Meredith.99bp,0.0201777059912698,0.000219401559194257,91.9670127476374,0,1163326
CoyoteCalifornia,Xoloitzcuintli,AndeanFox,FernCave.100bp,0.024150088860861,0.000584162350677578,41.341399069709,0,69772
CoyoteCalifornia,Xoloitzcuintli,AndeanFox,Castlemaine.99bp,0.0239963917618466,0.000211479004040168,113.469381373144,0,1445858
CoyoteCalifornia,Xoloitzcuintli,AndeanFox,Meredith.99bp,0.0246681619390174,0.000205018043758917,120.321906729463,0,1565824
CoyoteCalifornia,YorkshireTerrier,AndeanFox,FernCave.100bp,0.0245162793631215,0.000594940188963567,41.2079732011898,0,71348
CoyoteCalifornia,YorkshireTerrier,AndeanFox,Castlemaine.99bp,0.0241829687984648,0.0002080206546204,116.252729050364,0,1489478
CoyoteCalifornia,YorkshireTerrier,AndeanFox,Meredith.99bp,0.0251811574898523,0.000205723588663387,122.402869080097,0,1595343
