target,source,p,Dingo_Ancient_Nullarbor,HighlandWildDog,Papua_Indonesia_518bp,se_Dingo_Ancient_Nullarbor,se_HighlandWildDog,se_Papua_Indonesia_518bp,z_Dingo_Ancient_Nullarbor,z_HighlandWildDog,z_Papua_Indonesia_518bp,num_sources,valid
DO-CO-159148,Dingo_Ancient_Nullarbor,0.000661246115371942,1,NA,NA,1.81286629340663e-13,NA,NA,5516126609209.88,NA,NA,1,FALSE
DO-CO-159148,Dingo_Ancient_Nullarbor|Papua_Indonesia_518bp,0.0121921965489804,0.904196259562331,NA,0.095803740437669,0.02977720133112,NA,0.0297772013311199,30.3653875831964,NA,3.21735207323011,2,TRUE
DO-CO-167767,Dingo_Ancient_Nullarbor,0.00219636758141334,1,NA,NA,1.03080353091912e-13,NA,NA,9701169718620.82,NA,NA,1,FALSE
DO-CO-167767,Dingo_Ancient_Nullarbor|Papua_Indonesia_518bp,0.211801348600031,0.906958974555833,NA,0.0930410254441668,0.0264629849483286,NA,0.0264629849483287,34.2727389342795,NA,3.51589307199614,2,TRUE
DO-CO-168535,Dingo_Ancient_Nullarbor,0.110239349673612,1,NA,NA,0,NA,NA,Inf,NA,NA,1,TRUE
DO-CO-168535,Dingo_Ancient_Nullarbor|Papua_Indonesia_518bp,0.0784532116377577,0.975142462700125,NA,0.0248575372998753,0.0273169710048546,NA,0.0273169710048547,35.6973129461106,NA,0.909966822289985,2,TRUE
DO-CO-169117,Dingo_Ancient_Nullarbor,1.89042316840233e-05,1,NA,NA,2.73706942974578e-13,NA,NA,3653542687416.89,NA,NA,1,FALSE
DO-CO-169117,Dingo_Ancient_Nullarbor|Papua_Indonesia_518bp,0.0108948239372222,0.881045678720221,NA,0.118954321279779,0.0299249170679563,NA,0.0299249170679563,29.4418753682579,NA,3.97509276331983,2,TRUE
DO-CO-170078,Dingo_Ancient_Nullarbor,0.266422310383677,1,NA,NA,1.24409590338765e-13,NA,NA,8037965540092.33,NA,NA,1,TRUE
DO-CO-170078,Dingo_Ancient_Nullarbor|Papua_Indonesia_518bp,0.170243177865119,0.992636427150587,NA,0.00736357284941267,0.0240679103748306,NA,0.0240679103748306,41.2431495585363,NA,0.30594982010209,2,TRUE
DO-CO-170282,Dingo_Ancient_Nullarbor,0.252730602737777,1,NA,NA,1.5640612553651e-13,NA,NA,6393611481454.2,NA,NA,1,TRUE
DO-CO-170282,Dingo_Ancient_Nullarbor|Papua_Indonesia_518bp,0.295030307795649,0.983090381537134,NA,0.0169096184628655,0.0276479013495852,NA,0.0276479013495853,35.5575046766392,NA,0.611605859304008,2,TRUE
DO-CO-170647,Dingo_Ancient_Nullarbor,0.0665183345150158,1,NA,NA,3.5544633532128e-14,NA,NA,28133642145898.7,NA,NA,1,TRUE
DO-CO-170647,Dingo_Ancient_Nullarbor|Papua_Indonesia_518bp,0.282716799269403,0.946236874759668,NA,0.0537631252403321,0.0243561682364029,NA,0.0243561682364029,38.8499892748078,NA,2.20737205945135,2,TRUE
DO-CO-175110,Dingo_Ancient_Nullarbor,8.37736658003398e-07,1,NA,NA,2.77262230210439e-13,NA,NA,3606693920196.09,NA,NA,1,FALSE
DO-CO-175110,Dingo_Ancient_Nullarbor|Papua_Indonesia_518bp,0.026464047079396,0.851871415972267,NA,0.148128584027733,0.0301747739847802,NA,0.0301747739847802,28.231244297039,NA,4.90902049846163,2,TRUE
Dingo02,Dingo_Ancient_Nullarbor,1.0975533823837e-10,1,NA,NA,6.75386384827561e-14,NA,NA,14806339340928.8,NA,NA,1,FALSE
Dingo02,Dingo_Ancient_Nullarbor|Papua_Indonesia_518bp,0.539336863125561,0.784219567015506,NA,0.215780432984494,0.0329817056093288,NA,0.0329817056093289,23.7774109169688,NA,6.54242796113795,2,TRUE
Dingo03,Dingo_Ancient_Nullarbor,0.000342435771338671,1,NA,NA,2.8434803975872e-13,NA,NA,3516816929170.81,NA,NA,1,FALSE
Dingo04,Dingo_Ancient_Nullarbor,0.00197843678213102,1,NA,NA,1.59951555111445e-13,NA,NA,6251892951608.13,NA,NA,1,FALSE
Dingo05,Dingo_Ancient_Nullarbor,2.23858097164453e-07,1,NA,NA,9.95408939320858e-14,NA,NA,10046122357332.6,NA,NA,1,FALSE
Dingo05,Dingo_Ancient_Nullarbor|Papua_Indonesia_518bp,0.424758080086465,0.796961148815584,NA,0.203038851184416,0.0336228443984067,NA,0.0336228443984066,23.7029663336083,NA,6.03871727146433,2,TRUE
Dingo06,Dingo_Ancient_Nullarbor,2.93868205459092e-08,1,NA,NA,1.35086532295299e-13,NA,NA,7402662449088.55,NA,NA,1,FALSE
Dingo06,Dingo_Ancient_Nullarbor|Papua_Indonesia_518bp,0.66005723125804,0.79332261559307,NA,0.20667738440693,0.0339489049893971,NA,0.033948904989397,23.3681356097005,NA,6.08789545558185,2,TRUE
Dingo07,Dingo_Ancient_Nullarbor,0.0388319509162795,1,NA,NA,1.42175563683523e-14,NA,NA,70335574840832.8,NA,NA,1,TRUE
Dingo07,Dingo_Ancient_Nullarbor|Papua_Indonesia_518bp,0.138823864525631,0.936069410195863,NA,0.0639305898041374,0.0261149039296906,NA,0.0261149039296905,35.8442601480002,NA,2.4480499708618,2,TRUE
Dingo08,Dingo_Ancient_Nullarbor,5.40897197241881e-07,1,NA,NA,2.27514507711578e-13,NA,NA,4395324105079.53,NA,NA,1,FALSE
Dingo08,Dingo_Ancient_Nullarbor|Papua_Indonesia_518bp,0.142463144736903,0.810266760779165,NA,0.189733239220835,0.0349973587524064,NA,0.0349973587524065,23.152226044014,NA,5.42135881062133,2,TRUE
Dingo09,Dingo_Ancient_Nullarbor,2.94999680973125e-05,1,NA,NA,2.55920376517975e-13,NA,NA,3907465335921.64,NA,NA,1,FALSE
Dingo09,Dingo_Ancient_Nullarbor|Papua_Indonesia_518bp,0.479312196377144,0.863757358729349,NA,0.136242641270651,0.030042610841964,NA,0.0300426108419639,28.7510750404835,NA,4.53498006505965,2,TRUE
Dingo10,Dingo_Ancient_Nullarbor,0.030146853766733,1,NA,NA,4.54957250436477e-13,NA,NA,2198008711896.82,NA,NA,1,TRUE
Dingo13,Dingo_Ancient_Nullarbor,1.2277458008039e-07,1,NA,NA,1.56406512156439e-13,NA,NA,6393595677140.3,NA,NA,1,FALSE
Dingo13,Dingo_Ancient_Nullarbor|Papua_Indonesia_518bp,0.31898749948195,0.813318668606633,NA,0.186681331393367,0.0301840597053497,NA,0.0301840597053496,26.9453041289368,NA,6.18476550920289,2,TRUE
Dingo15,Dingo_Ancient_Nullarbor,1.94953140908053e-10,1,NA,NA,2.45277602992072e-13,NA,NA,4077013097817.68,NA,NA,1,FALSE
Dingo15,Dingo_Ancient_Nullarbor|Papua_Indonesia_518bp,0.461272931675846,0.786179855879156,NA,0.213820144120844,0.0299817588693915,NA,0.0299817588693915,26.2219391231836,NA,7.13167446420677,2,TRUE
Dingo16,Dingo_Ancient_Nullarbor,3.97420707796085e-10,1,NA,NA,2.1683793799434e-13,NA,NA,4611739113780.46,NA,NA,1,FALSE
Dingo16,Dingo_Ancient_Nullarbor|Papua_Indonesia_518bp,0.197866458756474,0.798159581209768,NA,0.201840418790232,0.0271192335399921,NA,0.0271192335399921,29.4314948109702,NA,7.44270366242405,2,TRUE
Dingo19,Dingo_Ancient_Nullarbor,0.000247073754246077,1,NA,NA,6.39841283431448e-14,NA,NA,15628875877421.2,NA,NA,1,FALSE
Dingo19,Dingo_Ancient_Nullarbor|Papua_Indonesia_518bp,0.99826268876812,0.852080298674492,NA,0.147919701325509,0.0297042915462309,NA,0.029704291546231,28.6854274019072,NA,4.97974176880436,2,TRUE
Dingo20,Dingo_Ancient_Nullarbor,0.0826130772211691,1,NA,NA,1.13766422497006e-13,NA,NA,8789939755961.96,NA,NA,1,TRUE
Dingo20,Dingo_Ancient_Nullarbor|Papua_Indonesia_518bp,0.673840283374246,0.906829239553175,NA,0.0931707604468247,0.0327931899367235,NA,0.0327931899367234,27.6529743310413,NA,2.84116185789195,2,TRUE
Dingo21,Dingo_Ancient_Nullarbor,0.11657279808431,1,NA,NA,3.23464239449452e-13,NA,NA,3091531854346.67,NA,NA,1,TRUE
Dingo21,Dingo_Ancient_Nullarbor|Papua_Indonesia_518bp,0.559415771515238,0.928361595989955,NA,0.0716384040100452,0.0273157750104508,NA,0.0273157750104508,33.986280661441,NA,2.62260192078156,2,TRUE
Dingo22,Dingo_Ancient_Nullarbor,3.55456865541834e-07,1,NA,NA,2.80815072920996e-13,NA,NA,3561062408787.92,NA,NA,1,FALSE
Dingo22,Dingo_Ancient_Nullarbor|Papua_Indonesia_518bp,0.0866732162665544,0.839998885491184,NA,0.160001114508816,0.0298373854516278,NA,0.0298373854516279,28.1525633957769,NA,5.36243749534318,2,TRUE
Dingo23,Dingo_Ancient_Nullarbor,0.0144255012166931,1,NA,NA,3.91035855740449e-14,NA,NA,25573102448788.1,NA,NA,1,TRUE
Dingo23,Dingo_Ancient_Nullarbor|Papua_Indonesia_518bp,0.503736640148019,0.880240683298212,NA,0.119759316701788,0.0349291253884244,NA,0.0349291253884245,25.2007650781295,NA,3.42863771623312,2,TRUE
Dingo24,Dingo_Ancient_Nullarbor,4.23776307499499e-08,1,NA,NA,1.42195703582876e-14,NA,NA,70325612856310.1,NA,NA,1,FALSE
Dingo24,Dingo_Ancient_Nullarbor|Papua_Indonesia_518bp,0.687204163046848,0.793181071528771,NA,0.206818928471229,0.0353400336033549,NA,0.035340033603355,22.4442647800276,NA,5.85225613513833,2,TRUE
Dingo25,Dingo_Ancient_Nullarbor,6.80233529431635e-08,1,NA,NA,2.73730302456546e-13,NA,NA,3653230902920.39,NA,NA,1,FALSE
Dingo25,Dingo_Ancient_Nullarbor|Papua_Indonesia_518bp,0.204355131171316,0.787806764771457,NA,0.212193235228543,0.0332940086336444,NA,0.0332940086336444,23.6621181138086,NA,6.37331591889228,2,TRUE
Dingo26,Dingo_Ancient_Nullarbor,0.00151382974149363,1,NA,NA,1.74194098884264e-13,NA,NA,5740722598556.05,NA,NA,1,FALSE
Dingo26,Dingo_Ancient_Nullarbor|Papua_Indonesia_518bp,0.636726653471627,0.849962708144458,NA,0.150037291855542,0.0350716098688066,NA,0.0350716098688066,24.2350639541195,NA,4.27802694021719,2,TRUE
Dingo27,Dingo_Ancient_Nullarbor,4.16394163546196e-15,1,NA,NA,1.88403649322292e-13,NA,NA,5307752814752.3,NA,NA,1,FALSE
Dingo27,Dingo_Ancient_Nullarbor|Papua_Indonesia_518bp,0.0305284222652201,0.746001594979488,NA,0.253998405020512,0.0326230898370355,NA,0.0326230898370355,22.867288129544,NA,7.78584757879553,2,TRUE
Dingo28,Dingo_Ancient_Nullarbor,3.30703363167948e-08,1,NA,NA,2.06167791124596e-13,NA,NA,4850418169323.33,NA,NA,1,FALSE
Dingo28,Dingo_Ancient_Nullarbor|Papua_Indonesia_518bp,0.0590797726738753,0.785506154033165,NA,0.214493845966835,0.0381685222401126,NA,0.0381685222401127,20.5799467187034,NA,5.61965288091284,2,TRUE
Dingo29,Dingo_Ancient_Nullarbor,8.35822163938876e-10,1,NA,NA,2.55956414404772e-13,NA,NA,3906915176654.23,NA,NA,1,FALSE
Dingo29,Dingo_Ancient_Nullarbor|Papua_Indonesia_518bp,0.123812407354706,0.780237915923238,NA,0.219762084076762,0.0330869691507342,NA,0.0330869691507343,23.5814260402248,NA,6.64195269973482,2,TRUE
Dingo30,Dingo_Ancient_Nullarbor,0.00549895799115357,1,NA,NA,1.42203128558266e-14,NA,NA,70321940884040.7,NA,NA,1,FALSE
Dingo30,Dingo_Ancient_Nullarbor|Papua_Indonesia_518bp,0.154286513508408,0.858972095492665,NA,0.141027904507335,0.042145886412812,NA,0.042145886412812,20.380923705796,NA,3.3461843257012,2,TRUE
Dingo31,Dingo_Ancient_Nullarbor,0.000515787566695022,1,NA,NA,1.5285041890898e-13,NA,NA,6542343862305.58,NA,NA,1,FALSE
Dingo31,Dingo_Ancient_Nullarbor|Papua_Indonesia_518bp,0.0264913737887047,0.897502693381424,NA,0.102497306618576,0.030346017320776,NA,0.030346017320776,29.5756337279542,NA,3.3776197230469,2,TRUE
Dingo32,Dingo_Ancient_Nullarbor,2.40300045950456e-05,1,NA,NA,1.10195089518862e-13,NA,NA,9074814534533.62,NA,NA,1,FALSE
Dingo32,Dingo_Ancient_Nullarbor|Papua_Indonesia_518bp,0.00132923625869655,0.89222607994522,NA,0.10777392005478,0.0309961354414483,NA,0.0309961354414482,28.7850748887917,NA,3.47701152159324,2,FALSE
Dingo_Alpine_Cooinda,Dingo_Ancient_Nullarbor,1.95263035061801e-06,1,NA,NA,6.75386384827561e-14,NA,NA,14806339340928.8,NA,NA,1,FALSE
Dingo_Alpine_Cooinda,Dingo_Ancient_Nullarbor|Papua_Indonesia_518bp,0.174897967463408,0.854608855960805,NA,0.145391144039195,0.0276930366679644,NA,0.0276930366679645,30.8600629901099,NA,5.25009755276801,2,TRUE
Dingo_Ancient_Curracurrang_D10,Dingo_Ancient_Nullarbor,0.00317375776907019,1,NA,NA,2.8434803975872e-13,NA,NA,3516816929170.81,NA,NA,1,FALSE
Dingo_Ancient_Curracurrang_D10,Dingo_Ancient_Nullarbor|Papua_Indonesia_518bp,0.707844820979144,0.847544054766612,NA,0.152455945233388,0.0518968857285673,NA,0.0518968857285673,16.3313085721456,NA,2.93767040339892,2,TRUE
Dingo_Ancient_Curracurrang_D13,Dingo_Ancient_Nullarbor,4.93320094617006e-27,1,NA,NA,2.4169562905148e-13,NA,NA,4137435186248.26,NA,NA,1,FALSE
Dingo_Ancient_Curracurrang_D13,Dingo_Ancient_Nullarbor|Papua_Indonesia_518bp,0.0660489439613375,0.682427122842476,NA,0.317572877157524,0.0344753789970689,NA,0.0344753789970689,19.7946227915434,NA,9.21158480040274,2,TRUE
Dingo_Ancient_Curracurrang_D16,Dingo_Ancient_Nullarbor,6.57837084654994e-44,1,NA,NA,2.4169562905148e-13,NA,NA,4137435186248.26,NA,NA,1,FALSE
Dingo_Ancient_Curracurrang_D16,Dingo_Ancient_Nullarbor|Papua_Indonesia_518bp,0.00179393132011239,0.591436935311039,NA,0.408563064688961,0.0314503084474605,NA,0.0314503084474605,18.805441488724,NA,12.990749053272,2,FALSE
Dingo_Ancient_Nullarbor_1227,Dingo_Ancient_Nullarbor,0.0200698621015435,1,NA,NA,2.4169562905148e-13,NA,NA,4137435186248.26,NA,NA,1,TRUE
Dingo_Ancient_Nullarbor_276,Dingo_Ancient_Nullarbor,0.0110671577550684,1,NA,NA,2.4169562905148e-13,NA,NA,4137435186248.26,NA,NA,1,TRUE
Dingo_Ancient_Nullarbor_295,Dingo_Ancient_Nullarbor,0.00536266123057821,1,NA,NA,2.4169562905148e-13,NA,NA,4137435186248.26,NA,NA,1,FALSE
Dingo_Ancient_Nullarbor_372,Dingo_Ancient_Nullarbor,0.000272256256354934,1,NA,NA,2.4169562905148e-13,NA,NA,4137435186248.26,NA,NA,1,FALSE
Dingo_Ancient_Nullarbor_485,Dingo_Ancient_Nullarbor,0.000769837435456224,1,NA,NA,2.4169562905148e-13,NA,NA,4137435186248.26,NA,NA,1,FALSE
Dingo_Ancient_Nullarbor_615,Dingo_Ancient_Nullarbor,0.0740037796459121,1,NA,NA,2.4169562905148e-13,NA,NA,4137435186248.26,NA,NA,1,TRUE
Dingo_Ancient_Nullarbor_615,Dingo_Ancient_Nullarbor|Papua_Indonesia_518bp,0.0358884042888672,0.988053831822435,NA,0.0119461681775655,0.0218073800217464,NA,0.0218073800217465,45.3082319305273,NA,0.547803916181252,2,TRUE
Dingo_Ancient_Nullarbor_639,Dingo_Ancient_Nullarbor,0.181907836289649,1,NA,NA,2.4169562905148e-13,NA,NA,4137435186248.26,NA,NA,1,TRUE
Dingo_Ancient_Nullarbor_639,Dingo_Ancient_Nullarbor|Papua_Indonesia_518bp,0.0608871932921662,0.997766509562036,NA,0.0022334904379635,0.0225955390947365,NA,0.0225955390947365,44.1576766714302,NA,0.0988465213686265,2,TRUE
Dingo_Ancient_Nullarbor_762,Dingo_Ancient_Nullarbor,0.000535374573347339,1,NA,NA,2.4169562905148e-13,NA,NA,4137435186248.26,NA,NA,1,FALSE
Dingo_Ancient_Nullarbor_884,Dingo_Ancient_Nullarbor,0.000425508815291707,1,NA,NA,2.4169562905148e-13,NA,NA,4137435186248.26,NA,NA,1,FALSE
Dingo_Desert_Sandy,Dingo_Ancient_Nullarbor,0.0390557059694556,1,NA,NA,1.27959643369217e-13,NA,NA,7814963950115,NA,NA,1,TRUE
Dingo_Desert_Sandy,Dingo_Ancient_Nullarbor|Papua_Indonesia_518bp,0.895582036758319,0.930565557083858,NA,0.0694344429161416,0.0270353748907208,NA,0.0270353748907209,34.4202941829096,NA,2.56828112045056,2,TRUE
Dingo_FraserIsland_D02,Dingo_Ancient_Nullarbor,7.75201769930864e-10,1,NA,NA,2.8434803975872e-13,NA,NA,3516816929170.81,NA,NA,1,FALSE
Dingo_FraserIsland_D02,Dingo_Ancient_Nullarbor|Papua_Indonesia_518bp,0.100825811804643,0.792921211193148,NA,0.207078788806852,0.0306148458917002,NA,0.0306148458917001,25.899892294023,NA,6.76399905912941,2,TRUE
Dingo_FraserIsland_E56,Dingo_Ancient_Nullarbor,4.33147588290135e-12,1,NA,NA,2.4169562905148e-13,NA,NA,4137435186248.26,NA,NA,1,FALSE
Dingo_FraserIsland_E56,Dingo_Ancient_Nullarbor|Papua_Indonesia_518bp,0.0181186018887935,0.785769590180018,NA,0.214230409819982,0.028632150734067,NA,0.0286321507340669,27.4436104181688,NA,7.48216268521831,2,TRUE
Dingo_FraserIsland_Y07,Dingo_Ancient_Nullarbor,7.10582270639072e-07,1,NA,NA,2.8434803975872e-13,NA,NA,3516816929170.81,NA,NA,1,FALSE
Dingo_FraserIsland_Y07,Dingo_Ancient_Nullarbor|Papua_Indonesia_518bp,0.0895742045585543,0.832644012176131,NA,0.167355987823869,0.0319182005750146,NA,0.0319182005750146,26.0868093180641,NA,5.24327765378085,2,TRUE
Dingo_FraserIsland_Y47,Dingo_Ancient_Nullarbor,2.99665697665328e-17,1,NA,NA,2.4169562905148e-13,NA,NA,4137435186248.26,NA,NA,1,FALSE
Dingo_FraserIsland_Y47,Dingo_Ancient_Nullarbor|Papua_Indonesia_518bp,0.0126278677240402,0.763507050711881,NA,0.236492949288119,0.0269967577029789,NA,0.0269967577029788,28.2814350935051,NA,8.76005007305097,2,TRUE
Dingo_Gibson_Desert_D08,Dingo_Ancient_Nullarbor,0.169439878449452,1,NA,NA,3.98105045979374e-13,NA,NA,2511899836737.59,NA,NA,1,TRUE
Dingo_Gibson_Desert_D08,Dingo_Ancient_Nullarbor|Papua_Indonesia_518bp,0.652139280328412,0.983375693096873,NA,0.0166243069031267,0.0260958496443863,NA,0.0260958496443863,37.6832219106695,NA,0.637047926381767,2,TRUE
Dingo_Kimberley_D09,Dingo_Ancient_Nullarbor,0.00752905010089901,1,NA,NA,4.54957250436477e-13,NA,NA,2198008711896.82,NA,NA,1,FALSE
Dingo_Northern_Queensland_D04,Dingo_Ancient_Nullarbor,1.38688293256761e-16,1,NA,NA,1.91935831905887e-13,NA,NA,5210074586231.17,NA,NA,1,FALSE
Dingo_Northern_Queensland_D04,Dingo_Ancient_Nullarbor|Papua_Indonesia_518bp,0.0938383322631248,0.776426493500896,NA,0.223573506499104,0.0279310695709841,NA,0.0279310695709841,27.7979506487456,NA,8.0044735104366,2,TRUE
Dingo_Northern_Queensland_D10,Dingo_Ancient_Nullarbor,2.9361405369545e-10,1,NA,NA,1.91935831905887e-13,NA,NA,5210074586231.17,NA,NA,1,FALSE
Dingo_Northern_Queensland_D10,Dingo_Ancient_Nullarbor|Papua_Indonesia_518bp,0.162744737286845,0.810128703214909,NA,0.189871296785091,0.0261262668332666,NA,0.0261262668332667,31.0082075018606,NA,7.26744842639851,2,TRUE
Dingo_Northern_Territory_D06,Dingo_Ancient_Nullarbor,0.283611495371644,1,NA,NA,3.19922809285856e-13,NA,NA,3125753997447.81,NA,NA,1,TRUE
Dingo_Northern_Territory_D06,Dingo_Ancient_Nullarbor|Papua_Indonesia_518bp,0.972634051159642,0.939751239823779,NA,0.0602487601762211,0.0306980018963202,NA,0.0306980018963201,30.6127819979198,NA,1.96262806874878,2,TRUE
Dingo_Simpson_Desert_D03,Dingo_Ancient_Nullarbor,0.0139928117442927,1,NA,NA,1.38625232843198e-13,NA,NA,7213693924908.5,NA,NA,1,TRUE
Dingo_Simpson_Desert_D03,Dingo_Ancient_Nullarbor|Papua_Indonesia_518bp,0.355734607589669,0.906445899563996,NA,0.0935541004360044,0.02784979883596,NA,0.0278497988359601,32.5476641645821,NA,3.35923792437617,2,TRUE
Elly01,Dingo_Ancient_Nullarbor,5.61322973918135e-06,1,NA,NA,1.45748666335734e-13,NA,NA,6861126246579.05,NA,NA,1,FALSE
Elly01,Dingo_Ancient_Nullarbor|Papua_Indonesia_518bp,0.921213864872334,0.788797126071775,NA,0.211202873928225,0.036695843964705,NA,0.0366958439647051,21.495543932181,NA,5.7554984736518,2,TRUE
Gatton.838bp,Dingo_Ancient_Nullarbor,8.46163352662798e-09,1,NA,NA,2.4169562905148e-13,NA,NA,4137435186248.26,NA,NA,1,FALSE
Gatton.838bp,Dingo_Ancient_Nullarbor|Papua_Indonesia_518bp,0.201612966473911,0.797634215190603,NA,0.202365784809398,0.040323081837933,NA,0.040323081837933,19.7810826661629,NA,5.01860908406626,2,TRUE
HF014,Dingo_Ancient_Nullarbor,8.12743146530362e-07,1,NA,NA,1.99069793660713e-13,NA,NA,5023363824369.88,NA,NA,1,FALSE
HF014,Dingo_Ancient_Nullarbor|Papua_Indonesia_518bp,0.239837543954468,0.830079018359065,NA,0.169920981640935,0.0304437650559201,NA,0.0304437650559201,27.2659776750461,NA,5.58147066661494,2,TRUE
HF081,Dingo_Ancient_Nullarbor,3.17709118040851e-09,1,NA,NA,1.77747792303309e-14,NA,NA,56259489192057.1,NA,NA,1,FALSE
HF081,Dingo_Ancient_Nullarbor|Papua_Indonesia_518bp,0.757917304988835,0.769255419217388,NA,0.230744580782612,0.0315469675189998,NA,0.0315469675189998,24.3844489570698,NA,7.31431890065634,2,TRUE
HF145,Dingo_Ancient_Nullarbor,4.79352957608817e-05,1,NA,NA,1.6352277638928e-13,NA,NA,6115356050581.08,NA,NA,1,FALSE
HF145,Dingo_Ancient_Nullarbor|Papua_Indonesia_518bp,0.502192494967857,0.81268828576525,NA,0.18731171423475,0.037315746700808,NA,0.037315746700808,21.7786955271527,NA,5.01964266551026,2,TRUE
HF154,Dingo_Ancient_Nullarbor,6.0255078354286e-05,1,NA,NA,4.62153365830877e-14,NA,NA,21637838733515.7,NA,NA,1,FALSE
HF154,Dingo_Ancient_Nullarbor|Papua_Indonesia_518bp,0.535902788445564,0.838449946294077,NA,0.161550053705923,0.0327705520960916,NA,0.0327705520960916,25.5854690465857,NA,4.92973243881327,2,TRUE
McEachernCave.1468bp,Dingo_Ancient_Nullarbor,7.22392285946268e-05,1,NA,NA,1.42174201369961e-13,NA,NA,7033624879649.11,NA,NA,1,FALSE
McEachernCave.1468bp,Dingo_Ancient_Nullarbor|Papua_Indonesia_518bp,0.442579240828176,0.73570122522158,NA,0.26429877477842,0.0606330244232268,NA,0.0606330244232268,12.1336719093259,NA,4.35899045598614,2,TRUE
MtGambier.724bp,Dingo_Ancient_Nullarbor,1.80638292061515e-08,1,NA,NA,3.2700038460866e-13,NA,NA,3058100378679.24,NA,NA,1,FALSE
MtGambier.724bp,Dingo_Ancient_Nullarbor|Papua_Indonesia_518bp,0.100938135376518,0.741554622474717,NA,0.258445377525283,0.0444980266880255,NA,0.0444980266880256,16.66488780893,NA,5.80801884400934,2,TRUE
ND0413,Dingo_Ancient_Nullarbor,0.000129615329671099,1,NA,NA,8.88713305879112e-14,NA,NA,11252222661511.8,NA,NA,1,FALSE
ND0413,Dingo_Ancient_Nullarbor|Papua_Indonesia_518bp,0.119196863343779,0.845147605533828,NA,0.154852394466172,0.0355312501398028,NA,0.0355312501398028,23.7860362978638,NA,4.35820281743207,2,TRUE
ND0934,Dingo_Ancient_Nullarbor,1.49492013385188e-07,1,NA,NA,3.73222910554702e-13,NA,NA,2679363918237.9,NA,NA,1,FALSE
ND0934,Dingo_Ancient_Nullarbor|Papua_Indonesia_518bp,0.0330372892723457,0.863552545539755,NA,0.136447454460245,0.0255848116185392,NA,0.0255848116185391,33.7525465661044,NA,5.33314282296193,2,TRUE
ND1006,Dingo_Ancient_Nullarbor,5.10390780590561e-05,1,NA,NA,0,NA,NA,Inf,NA,NA,1,FALSE
ND1006,Dingo_Ancient_Nullarbor|Papua_Indonesia_518bp,0.0975459757129212,0.828399673768003,NA,0.171600326231997,0.0390652842191501,NA,0.0390652842191501,21.2055202035856,NA,4.39265526059777,2,TRUE
ND1009,Dingo_Ancient_Nullarbor,3.47866222679692e-06,1,NA,NA,2.27514507711578e-13,NA,NA,4395324105079.53,NA,NA,1,FALSE
ND1009,Dingo_Ancient_Nullarbor|Papua_Indonesia_518bp,0.0834444007645044,0.822829479345064,NA,0.177170520654936,0.0344301584738253,NA,0.0344301584738254,23.8985097896253,NA,5.14579451586392,2,TRUE
ND1012,Dingo_Ancient_Nullarbor,1.24584766461204e-06,1,NA,NA,1.67081094878168e-13,NA,NA,5985117590527.99,NA,NA,1,FALSE
ND1012,Dingo_Ancient_Nullarbor|Papua_Indonesia_518bp,0.0947129914929366,0.816188467573196,NA,0.183811532426804,0.0344281966817878,NA,0.0344281966817878,23.7069770199423,NA,5.33898229191999,2,TRUE
ND1034,Dingo_Ancient_Nullarbor,4.30748711880508e-05,1,NA,NA,1.59951555111445e-13,NA,NA,6251892951608.13,NA,NA,1,FALSE
ND1034,Dingo_Ancient_Nullarbor|Papua_Indonesia_518bp,0.754612546102658,0.852361175547559,NA,0.147638824452441,0.0271664272546156,NA,0.0271664272546157,31.3755344992132,NA,5.4346058489291,2,TRUE
ND1099,Dingo_Ancient_Nullarbor,4.06195615468738e-06,1,NA,NA,2.0973649241317e-13,NA,NA,4767887497756.25,NA,NA,1,FALSE
ND1099,Dingo_Ancient_Nullarbor|Papua_Indonesia_518bp,0.741072001306089,0.799170942210254,NA,0.200829057789746,0.035746870054308,NA,0.0357468700543079,22.3563892725747,NA,5.61808789090177,2,TRUE
ND1304,Dingo_Ancient_Nullarbor,5.02282228643554e-13,1,NA,NA,1.70628914534896e-13,NA,NA,5860671403354.01,NA,NA,1,FALSE
ND1304,Dingo_Ancient_Nullarbor|Papua_Indonesia_518bp,0.405680496133577,0.771042085977778,NA,0.228957914022222,0.0280438499865075,NA,0.0280438499865076,27.4941595518712,NA,8.16428251229334,2,TRUE
ND1602,Dingo_Ancient_Nullarbor,0.454359338259913,1,NA,NA,6.04259063311827e-14,NA,NA,16549193230453.1,NA,NA,1,TRUE
ND1602,Dingo_Ancient_Nullarbor|Papua_Indonesia_518bp,0.912214121663461,0.968991368624975,NA,0.0310086313750251,0.0241393096227645,NA,0.0241393096227645,40.1416355218034,NA,1.2845699342529,2,TRUE
ND1603,Dingo_Ancient_Nullarbor,0.168853128242413,1,NA,NA,2.06154384382329e-13,NA,NA,4850733604313.87,NA,NA,1,TRUE
ND1603,Dingo_Ancient_Nullarbor|Papua_Indonesia_518bp,0.58209802032098,0.978540108297182,NA,0.0214598917028178,0.0226059942410972,NA,0.0226059942410971,43.2867538521362,NA,0.949300945313178,2,TRUE
ND1644,Dingo_Ancient_Nullarbor,0.00507523644267718,1,NA,NA,1.91942533927011e-13,NA,NA,5209892667043.06,NA,NA,1,FALSE
ND1644,Dingo_Ancient_Nullarbor|Papua_Indonesia_518bp,0.483030848758777,0.894757252803623,NA,0.105242747196378,0.0274664408620008,NA,0.0274664408620009,32.5763813848011,NA,3.83168491779283,2,TRUE
ND1782,Dingo_Ancient_Nullarbor,0.00045739964953704,1,NA,NA,7.10997483157538e-15,NA,NA,140647473962777,NA,NA,1,FALSE
ND1782,Dingo_Ancient_Nullarbor|Papua_Indonesia_518bp,0.199577119899076,0.854003086865311,NA,0.145996913134689,0.0359399178404359,NA,0.0359399178404359,23.7619654740689,NA,4.06224949603052,2,TRUE
Nunderah.983bp,Dingo_Ancient_Nullarbor,1.70649439416606e-13,1,NA,NA,2.4169562905148e-13,NA,NA,4137435186248.26,NA,NA,1,FALSE
Nunderah.983bp,Dingo_Ancient_Nullarbor|Papua_Indonesia_518bp,0.795225714771624,0.742629643930417,NA,0.257370356069583,0.0330116300733477,NA,0.0330116300733477,22.4960004180462,NA,7.79635405757723,2,TRUE
TowerHill.460bp,Dingo_Ancient_Nullarbor,2.17808013844616e-05,1,NA,NA,1.42174201369961e-13,NA,NA,7033624879649.11,NA,NA,1,FALSE
TowerHill.460bp,Dingo_Ancient_Nullarbor|Papua_Indonesia_518bp,0.697635309385436,0.745433934484511,NA,0.254566065515488,0.0650295456080668,NA,0.0650295456080669,11.4630038932956,NA,3.91462162521876,2,TRUE
WA0021,Dingo_Ancient_Nullarbor,0.0293521679358209,1,NA,NA,3.94547559518267e-13,NA,NA,2534548689696.56,NA,NA,1,TRUE
WA0164,Dingo_Ancient_Nullarbor,0.00213229127434154,1,NA,NA,2.55920376517975e-13,NA,NA,3907465335921.64,NA,NA,1,FALSE
WA0517,Dingo_Ancient_Nullarbor,0.0982899398014427,1,NA,NA,2.02605805630362e-13,NA,NA,4935692720594.69,NA,NA,1,TRUE
WA0741,Dingo_Ancient_Nullarbor,0.0314904673771591,1,NA,NA,3.94547559518267e-13,NA,NA,2534548689696.56,NA,NA,1,TRUE
WA1142,Dingo_Ancient_Nullarbor,5.31399711327898e-05,1,NA,NA,1.4217778396351e-14,NA,NA,70334476464807.6,NA,NA,1,FALSE
di0678,Dingo_Ancient_Nullarbor,3.87142981510503e-07,1,NA,NA,6.75437351964804e-14,NA,NA,14805222084491.8,NA,NA,1,FALSE
di0678,Dingo_Ancient_Nullarbor|Papua_Indonesia_518bp,0.701465611976271,0.824809265969121,NA,0.175190734030879,0.030359207208719,NA,0.030359207208719,27.1683400787963,NA,5.77059647264324,2,TRUE
di0794,Dingo_Ancient_Nullarbor,3.67490268490549e-08,1,NA,NA,2.48830738709035e-13,NA,NA,4018796090821.12,NA,NA,1,FALSE
di0794,Dingo_Ancient_Nullarbor|Papua_Indonesia_518bp,0.810344040053976,0.809407967328522,NA,0.190592032671478,0.0291823406890356,NA,0.0291823406890356,27.7362249983133,NA,6.5310742103387,2,TRUE
di1085,Dingo_Ancient_Nullarbor,0.579018628628858,1,NA,NA,1.99047593014751e-13,NA,NA,5023924102040.72,NA,NA,1,TRUE
di1085,Dingo_Ancient_Nullarbor|Papua_Indonesia_518bp,0.457221254091239,0.969576693385032,NA,0.0304233066149675,0.0287309226433016,NA,0.0287309226433016,33.7467997607477,NA,1.0589046162101,2,TRUE
di1436,Dingo_Ancient_Nullarbor,2.45544563070932e-09,1,NA,NA,9.59796119282589e-14,NA,NA,10418879383961.9,NA,NA,1,FALSE
di1436,Dingo_Ancient_Nullarbor|Papua_Indonesia_518bp,0.0356634058250114,0.792044763996668,NA,0.207955236003332,0.0357569791839569,NA,0.0357569791839568,22.1507739767915,NA,5.81579430783224,2,TRUE
di1522,Dingo_Ancient_Nullarbor,0.000546640976286778,1,NA,NA,2.84357621924149e-13,NA,NA,3516698420929.77,NA,NA,1,FALSE
di1522,Dingo_Ancient_Nullarbor|Papua_Indonesia_518bp,0.296990737053736,0.882296421234985,NA,0.117703578765015,0.0274474897567607,NA,0.0274474897567607,32.1448857091809,NA,4.28831852413836,2,TRUE
wdi0817,Dingo_Ancient_Nullarbor,0.00293027747415401,1,NA,NA,3.55443287255164e-13,NA,NA,2813388340295.55,NA,NA,1,FALSE
wdi0817,Dingo_Ancient_Nullarbor|Papua_Indonesia_518bp,0.564353273940715,0.950370607639341,NA,0.0496293923606588,0.0255134337410819,NA,0.0255134337410819,37.249811894549,NA,1.945225909782,2,TRUE
wdi0828,Dingo_Ancient_Nullarbor,0.132489817918905,1,NA,NA,3.48335240770977e-13,NA,NA,2870797676935.24,NA,NA,1,TRUE
wdi0828,Dingo_Ancient_Nullarbor|Papua_Indonesia_518bp,0.254989447270628,0.987481657329757,NA,0.0125183426702428,0.0235374680761829,NA,0.0235374680761829,41.9536058055866,NA,0.531847462510628,2,TRUE
wdi0964,Dingo_Ancient_Nullarbor,0.0353711596460845,1,NA,NA,2.95030883403717e-13,NA,NA,3389475665947.87,NA,NA,1,TRUE
